Timestep,mc_1,mc_2,mc_3,mc_4,mc_5,mc_6,mc_7,mc_8,mc_9,mc_10,mean
0,4622,4622,4622,4622,4622,4622,4622,4622,4622,4622,4622.0
1,4426,4409,4449,4400,4392,4401,4405,4389,4392,4402,4406.5
2,4201,4182,4252,4184,4187,4162,4196,4174,4150,4178,4186.6
3,4015,3960,4084,3972,3963,3926,3984,3957,3898,3942,3970.1
4,3800,3745,3901,3750,3750,3683,3751,3767,3648,3708,3750.3
5,3587,3549,3739,3549,3549,3476,3522,3554,3410,3488,3542.3
6,3400,3358,3547,3335,3345,3254,3324,3334,3201,3255,3335.3
7,3195,3165,3349,3136,3162,3044,3136,3154,2989,3017,3134.7
8,3026,2970,3166,2922,2977,2875,2969,2952,2801,2820,2947.8
9,2828,2816,2981,2730,2801,2715,2774,2765,2622,2619,2765.1
10,2649,2683,2803,2540,2618,2548,2635,2610,2504,2468,2605.8
11,2529,2518,2622,2349,2458,2384,2522,2439,2370,2363,2455.4
12,2395,2378,2500,2191,2313,2236,2410,2320,2243,2215,2320.1
13,2298,2242,2352,2044,2199,2066,2311,2191,2126,2099,2192.8
14,2200,2165,2205,1904,2074,1919,2199,2070,2023,1976,2073.5
15,2120,2057,2093,1763,1945,1797,2073,1933,1898,1899,1957.8
16,2022,1986,1978,1674,1818,1676,2039,1858,1813,1788,1865.2
17,1941,1893,1880,1570,1724,1594,1975,1732,1752,1715,1777.6
18,1901,1823,1824,1510,1660,1517,1910,1679,1679,1639,1714.2
19,1779,1724,1773,1408,1591,1440,1845,1590,1614,1604,1636.8
20,1727,1676,1718,1327,1551,1367,1802,1556,1546,1542,1581.2
21,1635,1581,1640,1245,1472,1287,1734,1488,1535,1484,1510.1
22,1573,1511,1618,1186,1408,1209,1701,1420,1511,1401,1453.8
23,1494,1473,1606,1137,1340,1183,1649,1371,1459,1374,1408.6
24,1445,1418,1573,1072,1288,1151,1627,1316,1400,1346,1363.6
25,1382,1355,1556,1031,1249,1113,1622,1279,1400,1307,1329.4
26,1357,1298,1518,1023,1217,1109,1563,1260,1332,1304,1298.1
27,1308,1279,1513,998,1183,1064,1515,1201,1318,1290,1266.9
28,1275,1244,1480,968,1175,1058,1458,1188,1280,1232,1235.8
29,1226,1223,1432,917,1138,1023,1476,1177,1262,1234,1210.8
30,1163,1189,1431,896,1136,1007,1384,1160,1238,1210,1181.4
31,1146,1171,1422,903,1109,980,1360,1172,1223,1193,1167.9
32,1127,1139,1391,892,1097,997,1324,1139,1208,1191,1150.5
33,1124,1090,1374,897,1070,1021,1301,1105,1211,1181,1137.4
34,1114,1079,1406,885,1079,1017,1299,1082,1215,1147,1132.3
35,1063,1088,1363,887,1051,1034,1277,1081,1231,1136,1121.1
36,1072,1050,1377,879,1024,1053,1255,1101,1258,1109,1117.8
37,1050,1034,1373,859,1022,1013,1235,1108,1251,1095,1104.0
38,1044,1032,1341,872,998,1003,1225,1121,1261,1114,1101.1
39,1032,1007,1363,876,997,1023,1197,1119,1254,1098,1096.6
40,1073,1052,1381,885,992,972,1179,1116,1274,1135,1105.9
41,1047,1040,1370,903,957,990,1176,1140,1283,1107,1101.3
42,1075,1069,1357,912,975,992,1181,1127,1297,1137,1112.2
43,1075,1055,1327,904,958,1010,1213,1167,1271,1107,1108.7
44,1084,1022,1326,977,961,1010,1224,1157,1260,1140,1116.1
45,1107,1032,1317,961,932,1018,1183,1146,1266,1131,1109.3
46,1108,1039,1319,976,931,1021,1185,1143,1274,1132,1112.8
47,1093,1030,1322,975,926,1017,1170,1157,1293,1145,1112.8
48,1071,1053,1314,960,927,1012,1160,1153,1248,1147,1104.5
49,1091,1050,1308,983,935,1016,1162,1158,1261,1156,1112.0
50,1097,1036,1307,981,945,1032,1151,1180,1294,1157,1118.0
51,1115,1060,1309,992,939,1023,1151,1156,1271,1173,1118.9
52,1136,1061,1308,1018,967,1012,1169,1152,1281,1189,1129.3
53,1117,1062,1306,1036,943,1014,1178,1125,1296,1182,1125.9
54,1135,1071,1307,1029,959,1026,1180,1136,1292,1177,1131.2
55,1092,1058,1307,996,963,1016,1167,1118,1284,1138,1113.9
56,1079,1074,1283,1018,997,1042,1207,1137,1281,1126,1124.4
57,1091,1096,1286,1001,1028,1044,1202,1120,1280,1123,1127.1
58,1080,1080,1298,1001,1024,1048,1215,1118,1271,1152,1128.7
59,1100,1055,1287,1019,1038,1037,1213,1125,1310,1124,1130.8
60,1124,1073,1277,1049,1046,1067,1232,1145,1280,1144,1143.7
61,1127,1053,1285,1081,1059,1058,1222,1181,1290,1193,1154.9
62,1125,1081,1286,1079,1067,1048,1220,1195,1265,1169,1153.5
63,1111,1090,1295,1077,1082,1065,1241,1184,1297,1152,1159.4
64,1118,1120,1295,1089,1079,1071,1233,1176,1306,1195,1168.2
65,1150,1131,1278,1109,1066,1082,1255,1212,1314,1203,1180.0
66,1147,1124,1271,1126,1076,1079,1258,1203,1310,1192,1178.6
67,1156,1154,1253,1121,1050,1056,1260,1223,1311,1170,1175.4
68,1135,1113,1294,1116,1070,1070,1285,1222,1310,1177,1179.2
69,1161,1140,1297,1081,1091,1084,1286,1252,1305,1169,1186.6
70,1167,1121,1334,1096,1104,1079,1287,1241,1278,1185,1189.2
71,1156,1131,1303,1117,1073,1117,1276,1228,1308,1189,1189.8
72,1167,1138,1306,1103,1088,1131,1311,1204,1313,1175,1193.6
73,1193,1153,1321,1116,1093,1151,1268,1214,1346,1163,1201.8
74,1210,1180,1320,1116,1094,1140,1286,1201,1318,1166,1203.1
75,1200,1178,1323,1128,1099,1117,1285,1206,1315,1231,1208.2
76,1193,1186,1310,1102,1072,1134,1260,1202,1292,1217,1196.8
77,1151,1184,1342,1138,1086,1117,1266,1217,1273,1206,1198.0
78,1156,1162,1344,1150,1061,1098,1288,1192,1321,1215,1198.7
79,1140,1167,1341,1182,1092,1125,1267,1187,1323,1239,1206.3
80,1191,1162,1301,1168,1070,1124,1289,1171,1321,1229,1202.6
81,1180,1169,1300,1164,1105,1114,1294,1173,1307,1227,1203.3
82,1186,1171,1275,1129,1104,1153,1266,1203,1336,1209,1203.2
83,1171,1208,1286,1136,1091,1118,1312,1190,1322,1235,1206.9
84,1194,1207,1299,1147,1098,1132,1287,1170,1327,1234,1209.5
85,1218,1205,1308,1153,1073,1141,1292,1192,1296,1224,1210.2
86,1216,1207,1332,1164,1087,1139,1274,1193,1311,1255,1217.8
87,1198,1240,1320,1167,1089,1148,1298,1191,1301,1282,1223.4
88,1196,1222,1295,1150,1090,1173,1305,1181,1313,1277,1220.2
89,1216,1253,1293,1177,1100,1178,1306,1201,1324,1275,1232.3
90,1177,1228,1294,1173,1100,1180,1310,1210,1329,1265,1226.6
91,1215,1277,1283,1159,1086,1154,1274,1212,1330,1248,1223.8
92,1212,1210,1295,1160,1093,1129,1318,1223,1326,1261,1222.7
93,1214,1222,1332,1173,1092,1154,1311,1226,1330,1261,1231.5
94,1207,1212,1336,1185,1111,1163,1299,1227,1338,1262,1234.0
95,1215,1245,1356,1201,1104,1183,1294,1217,1315,1270,1240.0
96,1232,1248,1370,1190,1096,1211,1265,1231,1326,1252,1242.1
97,1217,1234,1365,1196,1117,1194,1278,1222,1319,1241,1238.3
98,1219,1261,1369,1196,1117,1191,1277,1227,1337,1274,1246.8
99,1211,1262,1347,1198,1129,1171,1274,1201,1310,1288,1239.1
100,1216,1241,1359,1186,1130,1189,1268,1205,1344,1270,1240.8
101,1222,1243,1358,1182,1142,1157,1257,1197,1321,1279,1235.8
102,1200,1272,1377,1191,1152,1173,1274,1229,1329,1269,1246.6
103,1230,1270,1367,1206,1122,1183,1258,1216,1352,1291,1249.5
104,1241,1286,1409,1225,1129,1186,1286,1240,1309,1309,1262.0
105,1244,1328,1392,1214,1129,1188,1303,1211,1324,1288,1262.1
106,1239,1279,1399,1251,1141,1186,1342,1253,1350,1293,1273.3
107,1226,1315,1396,1258,1135,1179,1308,1230,1332,1282,1266.1
108,1227,1305,1392,1238,1144,1184,1300,1217,1346,1309,1266.2
109,1243,1299,1417,1253,1159,1224,1299,1219,1349,1302,1276.4
110,1238,1313,1426,1260,1155,1205,1237,1180,1362,1265,1264.1
111,1289,1300,1442,1262,1165,1213,1248,1187,1363,1270,1273.9
112,1262,1298,1457,1270,1165,1202,1253,1183,1362,1293,1274.5
113,1275,1296,1457,1278,1183,1255,1250,1196,1371,1302,1286.3
114,1257,1322,1453,1281,1166,1241,1271,1189,1361,1269,1281.0
115,1239,1326,1404,1273,1201,1239,1281,1174,1392,1311,1284.0
116,1269,1304,1420,1262,1182,1257,1300,1175,1368,1300,1283.7
117,1256,1298,1419,1274,1189,1280,1300,1177,1360,1291,1284.4
118,1238,1304,1448,1267,1183,1257,1293,1150,1365,1323,1282.8
119,1278,1360,1458,1222,1168,1253,1306,1176,1364,1296,1288.1
120,1249,1336,1434,1280,1185,1288,1309,1192,1358,1279,1291.0
121,1264,1349,1447,1245,1182,1264,1334,1171,1367,1294,1291.7
122,1278,1362,1428,1225,1179,1275,1316,1172,1360,1306,1290.1
123,1266,1337,1464,1203,1199,1271,1328,1188,1371,1295,1292.2
124,1270,1325,1454,1210,1189,1268,1309,1188,1361,1295,1286.9
125,1252,1357,1440,1220,1172,1265,1291,1199,1385,1317,1289.8
126,1240,1356,1451,1234,1205,1268,1315,1208,1362,1299,1293.8
127,1257,1332,1487,1283,1203,1270,1339,1200,1371,1303,1304.5
128,1290,1339,1469,1259,1160,1249,1350,1250,1386,1308,1306.0
129,1252,1358,1456,1275,1198,1254,1349,1218,1409,1346,1311.5
130,1300,1368,1421,1262,1234,1289,1345,1196,1395,1370,1318.0
131,1280,1355,1432,1272,1220,1267,1330,1207,1393,1368,1312.4
132,1273,1379,1450,1274,1228,1283,1346,1256,1379,1343,1321.1
133,1299,1399,1447,1290,1211,1273,1331,1226,1366,1352,1319.4
134,1273,1398,1472,1301,1200,1293,1351,1239,1370,1336,1323.3
135,1277,1382,1479,1298,1234,1297,1361,1254,1378,1362,1332.2
136,1282,1377,1469,1292,1250,1310,1365,1255,1360,1386,1334.6
137,1280,1383,1460,1301,1240,1309,1369,1241,1374,1395,1335.2
138,1285,1400,1436,1311,1280,1276,1354,1232,1368,1372,1331.4
139,1291,1386,1472,1316,1248,1267,1357,1219,1378,1361,1329.5
140,1303,1412,1461,1320,1277,1234,1373,1213,1360,1373,1332.6
141,1324,1409,1452,1345,1266,1274,1378,1214,1360,1380,1340.2
142,1328,1402,1428,1318,1269,1289,1381,1202,1356,1386,1335.9
143,1325,1418,1456,1314,1276,1304,1372,1237,1383,1358,1344.3
144,1338,1384,1448,1318,1261,1310,1376,1212,1379,1390,1341.6
145,1333,1382,1469,1351,1299,1304,1348,1210,1374,1351,1342.1
146,1327,1414,1489,1346,1287,1315,1393,1233,1405,1380,1358.9
147,1311,1419,1465,1325,1310,1273,1399,1228,1396,1387,1351.3
148,1321,1412,1485,1328,1247,1324,1408,1243,1434,1376,1357.8
149,1332,1400,1467,1340,1303,1319,1390,1223,1392,1364,1353.0
150,1318,1374,1478,1356,1312,1337,1399,1231,1403,1345,1355.3
151,1330,1376,1486,1325,1307,1341,1413,1239,1382,1317,1351.6
152,1324,1353,1501,1330,1305,1320,1403,1245,1355,1365,1350.1
153,1303,1375,1482,1327,1321,1327,1381,1247,1369,1328,1346.0
154,1314,1367,1465,1331,1316,1342,1364,1248,1393,1374,1351.4
155,1322,1338,1442,1352,1305,1341,1362,1253,1371,1361,1344.7
156,1327,1355,1454,1354,1290,1315,1356,1241,1387,1363,1344.2
157,1322,1361,1474,1334,1302,1331,1364,1253,1383,1372,1349.6
158,1317,1380,1453,1323,1274,1319,1394,1252,1430,1396,1353.8
159,1328,1371,1479,1329,1313,1359,1387,1260,1426,1373,1362.5
160,1319,1373,1492,1330,1321,1348,1377,1275,1421,1359,1361.5
161,1329,1375,1502,1330,1327,1345,1412,1260,1457,1368,1370.5
162,1336,1374,1475,1340,1342,1361,1401,1262,1416,1399,1370.6
163,1334,1391,1502,1330,1343,1325,1398,1255,1423,1392,1369.3
164,1320,1424,1521,1335,1333,1316,1397,1257,1414,1380,1369.7
165,1324,1418,1506,1313,1329,1318,1363,1245,1405,1376,1359.7
166,1305,1422,1525,1362,1332,1317,1397,1282,1403,1408,1375.3
167,1322,1428,1490,1347,1329,1358,1377,1267,1444,1407,1376.9
168,1341,1409,1513,1311,1339,1370,1403,1268,1446,1420,1382.0
169,1370,1420,1487,1350,1328,1343,1379,1245,1451,1409,1378.2
170,1363,1424,1495,1344,1340,1357,1393,1269,1443,1400,1382.8
171,1361,1397,1479,1354,1363,1360,1371,1267,1443,1424,1381.9
172,1377,1406,1498,1389,1360,1355,1357,1268,1471,1415,1389.6
173,1352,1408,1503,1376,1385,1383,1379,1281,1472,1426,1396.5
174,1370,1390,1484,1373,1363,1344,1372,1278,1497,1413,1388.4
175,1373,1399,1501,1372,1365,1343,1392,1290,1459,1420,1391.4
176,1380,1401,1520,1396,1370,1339,1394,1277,1488,1411,1397.6
177,1383,1405,1543,1415,1372,1361,1428,1288,1466,1436,1409.7
178,1383,1391,1546,1391,1373,1344,1412,1281,1445,1433,1399.9
179,1359,1408,1490,1378,1336,1325,1398,1284,1479,1439,1389.6
180,1352,1426,1483,1378,1324,1326,1388,1275,1431,1436,1381.9
181,1375,1434,1494,1384,1359,1319,1388,1289,1418,1410,1387.0
182,1336,1452,1483,1368,1346,1312,1418,1267,1438,1448,1386.8
183,1339,1433,1532,1398,1370,1333,1405,1279,1421,1461,1397.1
184,1333,1457,1500,1399,1388,1319,1470,1280,1456,1453,1405.5
185,1333,1426,1525,1391,1379,1363,1463,1282,1448,1437,1404.7
186,1326,1435,1525,1360,1381,1351,1451,1300,1430,1470,1402.9
187,1346,1414,1530,1360,1360,1370,1442,1277,1451,1452,1400.2
188,1324,1423,1510,1394,1368,1365,1428,1312,1440,1474,1403.8
189,1322,1437,1526,1378,1357,1401,1428,1304,1439,1451,1404.3
190,1340,1444,1532,1378,1353,1359,1438,1302,1453,1483,1408.2
191,1331,1473,1500,1398,1362,1348,1433,1309,1453,1458,1406.5
192,1331,1457,1498,1419,1366,1358,1418,1297,1461,1475,1408.0
193,1330,1438,1484,1410,1378,1361,1408,1287,1465,1471,1403.2
194,1357,1440,1452,1413,1351,1336,1417,1298,1447,1456,1396.7
195,1370,1458,1473,1443,1325,1370,1419,1280,1440,1452,1403.0
196,1363,1454,1495,1420,1325,1401,1445,1287,1459,1461,1411.0
197,1343,1448,1481,1432,1362,1351,1450,1255,1438,1448,1400.8
198,1360,1453,1483,1451,1336,1362,1437,1280,1444,1473,1407.9
199,1334,1452,1485,1440,1358,1389,1442,1294,1454,1462,1411.0
200,1319,1449,1509,1460,1359,1356,1432,1278,1450,1462,1407.4
201,1349,1446,1506,1435,1366,1369,1470,1297,1475,1459,1417.2
202,1344,1426,1510,1413,1362,1377,1447,1310,1441,1454,1408.4
203,1327,1441,1516,1445,1361,1356,1413,1310,1452,1468,1408.9
204,1378,1431,1504,1420,1377,1368,1407,1341,1481,1487,1419.4
205,1374,1463,1500,1428,1371,1365,1433,1337,1476,1494,1424.1
206,1369,1463,1482,1444,1399,1368,1449,1319,1462,1493,1424.8
207,1401,1436,1503,1428,1380,1370,1427,1340,1451,1516,1425.2
208,1380,1439,1517,1441,1405,1401,1396,1323,1431,1511,1424.4
209,1378,1475,1514,1401,1392,1384,1427,1340,1450,1523,1428.4
210,1382,1467,1542,1435,1401,1391,1433,1340,1435,1522,1434.8
211,1374,1465,1521,1394,1391,1353,1422,1371,1443,1537,1427.1
212,1370,1447,1504,1426,1386,1357,1425,1376,1435,1522,1424.8
213,1376,1421,1499,1409,1360,1350,1436,1365,1434,1482,1413.2
214,1402,1464,1484,1417,1380,1362,1431,1364,1424,1473,1420.1
215,1378,1451,1486,1428,1374,1370,1454,1374,1426,1505,1424.6
216,1392,1451,1497,1429,1387,1391,1454,1374,1413,1492,1428.0
217,1406,1460,1494,1409,1406,1416,1472,1363,1404,1470,1430.0
218,1396,1452,1479,1410,1385,1393,1465,1348,1422,1450,1420.0
219,1416,1423,1492,1404,1377,1360,1472,1349,1421,1472,1418.6
220,1399,1442,1505,1432,1412,1374,1444,1356,1449,1458,1427.1
221,1431,1472,1495,1414,1368,1382,1448,1368,1461,1478,1431.7
222,1407,1480,1515,1430,1361,1408,1456,1352,1445,1471,1432.5
223,1395,1491,1477,1433,1372,1416,1438,1358,1445,1484,1430.9
224,1406,1471,1474,1445,1365,1438,1441,1391,1454,1449,1433.4
225,1398,1447,1461,1459,1389,1438,1428,1367,1457,1489,1433.3
226,1394,1452,1470,1438,1360,1447,1462,1352,1494,1484,1435.3
227,1409,1448,1432,1430,1337,1423,1433,1356,1439,1489,1419.6
228,1415,1436,1443,1441,1342,1449,1454,1330,1470,1494,1427.4
229,1408,1445,1472,1439,1347,1439,1447,1336,1482,1493,1430.8
230,1402,1443,1488,1446,1358,1440,1409,1355,1486,1459,1428.6
231,1368,1421,1486,1453,1373,1453,1428,1341,1471,1493,1428.7
232,1425,1455,1487,1455,1362,1436,1465,1330,1493,1470,1437.8
233,1435,1440,1481,1442,1386,1413,1424,1326,1488,1481,1431.6
234,1419,1451,1509,1444,1351,1428,1437,1321,1500,1495,1435.5
235,1411,1458,1508,1435,1372,1411,1391,1338,1501,1480,1430.5
236,1382,1452,1501,1412,1371,1428,1412,1366,1494,1447,1426.5
237,1379,1462,1476,1430,1378,1413,1401,1372,1481,1467,1425.9
238,1405,1474,1483,1431,1388,1410,1441,1358,1473,1490,1435.3
239,1388,1452,1502,1432,1404,1425,1414,1373,1471,1465,1432.6
240,1405,1469,1482,1417,1401,1448,1460,1380,1456,1427,1434.5
241,1413,1453,1488,1420,1389,1443,1426,1368,1426,1474,1430.0
242,1432,1513,1488,1420,1397,1427,1434,1381,1447,1455,1439.4
243,1438,1469,1500,1444,1411,1436,1414,1389,1466,1476,1444.3
244,1438,1478,1514,1441,1366,1418,1426,1363,1458,1498,1440.0
245,1410,1482,1521,1444,1363,1426,1457,1405,1460,1468,1443.6
246,1424,1491,1500,1395,1376,1454,1452,1410,1491,1469,1446.2
247,1443,1491,1479,1412,1383,1440,1438,1379,1465,1447,1437.7
248,1425,1517,1477,1423,1359,1429,1432,1370,1487,1453,1437.2
249,1427,1534,1517,1401,1390,1442,1411,1375,1487,1469,1445.3
250,1464,1538,1509,1427,1395,1439,1388,1384,1466,1498,1450.8
251,1475,1512,1524,1413,1416,1453,1443,1377,1465,1485,1456.3
252,1474,1477,1519,1421,1406,1442,1434,1377,1479,1473,1450.2
253,1440,1480,1541,1456,1382,1443,1458,1385,1456,1478,1451.9
254,1450,1465,1513,1431,1399,1429,1436,1385,1452,1466,1442.6
255,1438,1476,1501,1396,1384,1450,1436,1390,1437,1486,1439.4
256,1436,1487,1490,1420,1404,1460,1431,1368,1446,1472,1441.4
257,1486,1473,1493,1443,1405,1471,1445,1364,1469,1468,1451.7
258,1451,1470,1529,1427,1369,1447,1444,1359,1478,1472,1444.6
259,1455,1459,1516,1424,1356,1439,1451,1345,1473,1491,1440.9
260,1439,1492,1557,1442,1366,1442,1441,1354,1475,1477,1448.5
261,1432,1504,1542,1440,1368,1414,1460,1374,1482,1461,1447.7
262,1410,1513,1512,1458,1370,1422,1440,1363,1479,1448,1441.5
263,1419,1495,1549,1435,1369,1433,1431,1382,1447,1501,1446.1
264,1411,1485,1538,1462,1378,1416,1441,1381,1453,1484,1444.9
265,1411,1490,1536,1448,1402,1441,1461,1373,1436,1496,1449.4
266,1419,1507,1545,1432,1380,1419,1462,1371,1466,1500,1450.1
267,1419,1470,1524,1434,1395,1418,1459,1390,1453,1524,1448.6
268,1421,1478,1528,1434,1391,1418,1464,1400,1429,1544,1450.7
269,1427,1480,1512,1466,1381,1443,1467,1360,1490,1547,1457.3
270,1468,1484,1512,1463,1390,1460,1477,1375,1492,1541,1466.2
271,1467,1440,1490,1465,1386,1471,1513,1385,1481,1552,1465.0
272,1474,1481,1508,1475,1364,1472,1475,1388,1496,1498,1463.1
273,1479,1457,1533,1476,1390,1484,1492,1376,1485,1536,1470.8
274,1447,1465,1509,1502,1377,1484,1509,1379,1511,1514,1469.7
275,1447,1439,1516,1433,1385,1493,1488,1396,1483,1509,1458.9
276,1457,1461,1509,1434,1405,1501,1496,1417,1495,1502,1467.7
277,1476,1468,1530,1446,1402,1484,1528,1411,1468,1455,1466.8
278,1476,1454,1514,1447,1401,1491,1515,1399,1499,1495,1469.1
279,1458,1437,1513,1416,1429,1447,1488,1393,1466,1502,1454.9
280,1496,1423,1500,1436,1409,1481,1483,1423,1489,1513,1465.3
281,1501,1439,1521,1436,1423,1459,1496,1412,1475,1521,1468.3
282,1448,1431,1523,1427,1408,1452,1462,1381,1491,1515,1453.8
283,1477,1432,1497,1432,1394,1458,1473,1407,1510,1514,1459.4
284,1476,1454,1535,1436,1385,1431,1473,1395,1479,1508,1457.2
285,1474,1475,1559,1444,1435,1450,1505,1411,1494,1533,1478.0
286,1489,1448,1537,1423,1381,1474,1501,1385,1494,1537,1466.9
287,1433,1423,1559,1412,1434,1476,1507,1367,1481,1533,1462.5
288,1446,1454,1535,1416,1402,1476,1501,1375,1488,1514,1460.7
289,1466,1443,1565,1420,1405,1496,1481,1357,1507,1491,1463.1
290,1470,1459,1542,1415,1417,1505,1465,1385,1466,1516,1464.0
291,1449,1449,1548,1385,1410,1512,1503,1368,1491,1528,1464.3
292,1454,1479,1541,1466,1458,1514,1483,1372,1490,1549,1480.6
293,1449,1501,1551,1437,1461,1494,1499,1369,1477,1512,1475.0
294,1467,1508,1539,1458,1441,1499,1474,1359,1510,1509,1476.4
295,1434,1502,1546,1461,1414,1493,1465,1367,1511,1498,1469.1
296,1458,1529,1577,1463,1437,1499,1444,1344,1505,1491,1474.7
297,1449,1533,1531,1490,1426,1477,1454,1408,1503,1486,1475.7
298,1418,1539,1554,1487,1428,1543,1452,1373,1500,1504,1479.8
299,1424,1522,1540,1475,1419,1517,1460,1402,1514,1493,1476.6
300,1430,1548,1566,1467,1419,1526,1461,1394,1505,1501,1481.7
301,1459,1528,1543,1499,1448,1504,1476,1390,1525,1464,1483.6
302,1456,1527,1567,1461,1464,1511,1461,1402,1507,1493,1484.9
303,1460,1541,1523,1480,1441,1542,1448,1389,1514,1485,1482.3
304,1441,1554,1531,1448,1424,1555,1488,1414,1531,1477,1486.3
305,1449,1532,1531,1462,1432,1521,1463,1409,1532,1470,1480.1
306,1455,1535,1519,1466,1436,1520,1434,1434,1513,1474,1478.6
307,1430,1507,1536,1457,1458,1540,1443,1402,1521,1488,1478.2
308,1459,1534,1546,1460,1451,1495,1445,1433,1527,1508,1485.8
309,1466,1500,1530,1473,1494,1517,1470,1448,1501,1524,1492.3
310,1477,1504,1536,1465,1520,1513,1457,1392,1531,1487,1488.2
311,1479,1482,1515,1450,1457,1529,1476,1437,1500,1488,1481.3
312,1456,1482,1542,1409,1483,1509,1507,1406,1513,1461,1476.8
313,1477,1476,1550,1429,1479,1490,1535,1408,1509,1463,1481.6
314,1471,1470,1535,1466,1475,1496,1463,1397,1527,1456,1475.6
315,1477,1492,1545,1503,1470,1496,1480,1404,1567,1505,1493.9
316,1508,1506,1551,1477,1458,1482,1435,1435,1531,1496,1487.9
317,1472,1512,1545,1458,1482,1511,1432,1415,1537,1518,1488.2
318,1470,1499,1535,1465,1499,1517,1470,1431,1531,1524,1494.1
319,1480,1500,1507,1482,1491,1509,1444,1394,1516,1507,1483.0
320,1500,1515,1546,1463,1476,1503,1444,1404,1508,1537,1489.6
321,1483,1461,1536,1475,1485,1501,1453,1434,1503,1512,1484.3
322,1465,1489,1550,1518,1512,1505,1438,1421,1533,1515,1494.6
323,1490,1494,1545,1487,1503,1482,1458,1435,1503,1524,1492.1
324,1461,1491,1544,1509,1492,1473,1490,1452,1498,1522,1493.2
325,1465,1501,1533,1526,1467,1479,1470,1461,1513,1546,1496.1
326,1446,1501,1555,1527,1493,1503,1485,1463,1500,1566,1503.9
327,1493,1500,1566,1533,1480,1500,1489,1470,1492,1510,1503.3
328,1479,1508,1605,1524,1470,1494,1481,1460,1495,1518,1503.4
329,1460,1499,1575,1514,1446,1489,1458,1439,1506,1517,1490.3
330,1439,1462,1588,1514,1465,1480,1473,1410,1539,1511,1488.1
331,1461,1483,1579,1506,1477,1484,1424,1416,1531,1502,1486.3
332,1450,1511,1614,1510,1455,1491,1460,1423,1540,1503,1495.7
333,1443,1523,1604,1495,1481,1502,1452,1455,1536,1495,1498.6
334,1485,1520,1593,1511,1504,1462,1436,1463,1551,1487,1501.2
335,1466,1505,1617,1480,1467,1483,1434,1448,1543,1513,1495.6
336,1462,1505,1591,1495,1496,1483,1450,1495,1556,1515,1504.8
337,1481,1507,1598,1471,1525,1464,1455,1466,1551,1521,1503.9
338,1460,1522,1579,1495,1506,1499,1445,1442,1555,1531,1503.4
339,1454,1533,1555,1498,1496,1521,1466,1453,1548,1495,1501.9
340,1468,1507,1561,1498,1446,1508,1444,1451,1549,1513,1494.5
341,1491,1534,1572,1494,1444,1523,1437,1472,1559,1494,1502.0
342,1491,1502,1587,1489,1465,1534,1413,1459,1542,1522,1500.4
343,1471,1532,1542,1493,1424,1551,1423,1476,1539,1467,1491.8
344,1491,1497,1580,1501,1465,1495,1409,1455,1531,1515,1493.9
345,1483,1514,1590,1488,1446,1494,1442,1442,1554,1493,1494.6
346,1485,1532,1582,1529,1478,1520,1420,1482,1556,1514,1509.8
347,1485,1525,1575,1536,1455,1526,1443,1472,1548,1480,1504.5
348,1472,1515,1547,1508,1446,1500,1445,1472,1542,1474,1492.1
349,1515,1526,1568,1513,1470,1507,1453,1435,1552,1478,1501.7
350,1497,1526,1585,1517,1475,1530,1477,1438,1534,1512,1509.1
351,1490,1531,1597,1501,1486,1534,1475,1422,1523,1563,1512.2
352,1463,1536,1613,1497,1479,1543,1473,1405,1519,1515,1504.3
353,1462,1527,1592,1507,1506,1524,1458,1422,1524,1528,1505.0
354,1466,1514,1589,1510,1487,1527,1472,1421,1508,1534,1502.8
355,1478,1519,1594,1528,1489,1510,1473,1410,1523,1508,1503.2
356,1468,1538,1586,1511,1480,1525,1459,1401,1521,1514,1500.3
357,1462,1578,1604,1517,1487,1530,1471,1438,1529,1482,1509.8
358,1455,1577,1588,1494,1467,1521,1431,1433,1550,1472,1498.8
359,1440,1611,1557,1492,1463,1519,1458,1412,1544,1480,1497.6
360,1454,1568,1531,1496,1481,1514,1440,1454,1553,1442,1493.3
361,1464,1540,1518,1503,1450,1537,1437,1442,1520,1469,1488.0
362,1453,1589,1529,1512,1431,1490,1456,1445,1527,1450,1488.2
363,1471,1582,1526,1526,1464,1508,1473,1419,1518,1504,1499.1
364,1454,1597,1549,1533,1469,1511,1474,1434,1525,1500,1504.6
365,1461,1576,1524,1535,1475,1525,1483,1451,1546,1501,1507.7
366,1455,1572,1559,1506,1476,1534,1489,1441,1567,1487,1508.6
367,1442,1581,1569,1538,1472,1551,1490,1440,1542,1501,1512.6
368,1450,1599,1562,1524,1481,1546,1458,1432,1541,1503,1509.6
369,1471,1610,1559,1521,1480,1534,1471,1405,1531,1485,1506.7
370,1484,1616,1557,1532,1483,1529,1484,1454,1554,1499,1519.2
371,1473,1617,1567,1512,1448,1543,1502,1439,1553,1504,1515.8
372,1487,1600,1545,1519,1476,1535,1501,1449,1539,1499,1515.0
373,1443,1584,1561,1532,1476,1532,1507,1449,1548,1512,1514.4
374,1465,1596,1570,1516,1475,1488,1491,1460,1545,1492,1509.8
375,1468,1571,1549,1527,1498,1511,1482,1418,1563,1521,1510.8
376,1468,1580,1580,1541,1456,1536,1489,1455,1542,1494,1514.1
377,1510,1574,1570,1524,1440,1557,1474,1450,1554,1507,1516.0
378,1454,1569,1570,1559,1466,1543,1502,1447,1568,1524,1520.2
379,1490,1594,1553,1508,1456,1564,1500,1466,1579,1526,1523.6
380,1496,1572,1550,1496,1443,1550,1490,1488,1588,1516,1518.9
381,1481,1579,1554,1507,1459,1560,1480,1464,1586,1492,1516.2
382,1499,1583,1548,1517,1466,1546,1500,1430,1574,1500,1516.3
383,1485,1581,1559,1507,1466,1540,1471,1427,1587,1513,1513.6
384,1496,1558,1561,1527,1461,1542,1464,1430,1570,1521,1513.0
385,1473,1555,1562,1509,1454,1481,1468,1446,1555,1510,1501.3
386,1479,1541,1563,1501,1476,1492,1489,1419,1518,1516,1499.4
387,1478,1562,1579,1537,1488,1499,1486,1427,1526,1531,1511.3
388,1478,1561,1561,1478,1509,1498,1494,1435,1519,1508,1504.1
389,1480,1574,1540,1508,1504,1501,1468,1438,1521,1486,1502.0
390,1446,1598,1532,1519,1492,1531,1496,1446,1522,1494,1507.6
391,1483,1597,1527,1508,1507,1509,1473,1454,1501,1442,1500.1
392,1469,1569,1541,1497,1483,1537,1487,1440,1556,1486,1506.5
393,1464,1591,1514,1505,1488,1530,1480,1466,1533,1493,1506.4
394,1475,1590,1524,1457,1503,1531,1502,1476,1516,1485,1505.9
395,1479,1583,1520,1466,1502,1518,1481,1460,1552,1487,1504.8
396,1488,1568,1531,1449,1508,1529,1503,1448,1543,1487,1505.4
397,1467,1561,1531,1468,1464,1533,1492,1462,1540,1514,1503.2
398,1477,1574,1533,1475,1494,1510,1477,1444,1524,1519,1502.7
399,1470,1559,1553,1485,1491,1536,1492,1473,1522,1503,1508.4
400,1493,1554,1537,1468,1455,1507,1497,1463,1554,1520,1504.8
401,1491,1559,1541,1472,1468,1525,1479,1464,1522,1515,1503.6
402,1489,1563,1540,1463,1458,1506,1491,1471,1531,1543,1505.5
403,1470,1549,1559,1480,1488,1528,1489,1485,1524,1516,1508.8
404,1468,1590,1554,1474,1459,1510,1481,1464,1535,1518,1505.3
405,1481,1565,1553,1475,1476,1498,1495,1436,1547,1498,1502.4
406,1500,1567,1539,1471,1490,1530,1511,1428,1575,1518,1512.9
407,1491,1600,1546,1462,1496,1511,1487,1431,1547,1538,1510.9
408,1493,1583,1551,1438,1486,1506,1491,1432,1570,1530,1508.0
409,1480,1614,1546,1466,1496,1490,1490,1439,1525,1503,1504.9
410,1463,1579,1540,1463,1473,1477,1513,1471,1540,1537,1505.6
411,1459,1578,1548,1473,1445,1493,1500,1461,1536,1518,1501.1
412,1448,1591,1533,1461,1467,1543,1515,1493,1564,1532,1514.7
413,1478,1595,1520,1473,1454,1542,1502,1463,1548,1506,1508.1
414,1450,1581,1547,1446,1484,1530,1504,1465,1553,1513,1507.3
415,1477,1563,1534,1477,1492,1527,1488,1446,1547,1525,1507.6
416,1471,1525,1501,1451,1449,1523,1495,1474,1553,1549,1499.1
417,1498,1570,1533,1473,1467,1524,1509,1501,1536,1513,1512.4
418,1478,1580,1543,1499,1460,1508,1505,1494,1550,1530,1514.7
419,1451,1607,1562,1460,1472,1520,1497,1464,1521,1507,1506.1
420,1477,1576,1589,1447,1436,1479,1510,1440,1533,1522,1500.9
421,1485,1568,1578,1469,1439,1490,1507,1458,1531,1517,1504.2
422,1495,1572,1595,1482,1439,1486,1504,1473,1564,1518,1512.8
423,1459,1564,1571,1510,1409,1511,1487,1479,1586,1535,1511.1
424,1480,1591,1567,1522,1412,1507,1461,1495,1580,1536,1515.1
425,1471,1556,1585,1519,1425,1506,1495,1468,1552,1522,1509.9
426,1469,1545,1565,1524,1420,1524,1483,1482,1569,1542,1512.3
427,1464,1542,1589,1505,1434,1501,1474,1499,1559,1572,1513.9
428,1461,1556,1554,1501,1422,1525,1439,1470,1565,1552,1504.5
429,1444,1575,1553,1497,1449,1542,1449,1468,1574,1540,1509.1
430,1435,1563,1536,1538,1438,1533,1465,1450,1555,1533,1504.6
431,1434,1553,1530,1504,1431,1540,1433,1464,1571,1548,1500.8
432,1438,1562,1554,1489,1432,1511,1444,1442,1547,1535,1495.4
433,1466,1548,1604,1501,1439,1528,1448,1443,1548,1550,1507.5
434,1497,1570,1577,1508,1440,1534,1492,1487,1531,1500,1513.6
435,1489,1556,1563,1526,1426,1532,1474,1446,1550,1559,1512.1
436,1477,1570,1543,1506,1433,1562,1481,1457,1554,1558,1514.1
437,1485,1529,1560,1530,1432,1558,1503,1455,1565,1580,1519.7
438,1495,1537,1571,1472,1429,1552,1482,1440,1566,1571,1511.5
439,1449,1512,1569,1422,1444,1558,1479,1441,1573,1553,1500.0
440,1491,1519,1588,1456,1433,1551,1467,1454,1551,1527,1503.7
441,1470,1552,1572,1443,1406,1515,1484,1471,1566,1565,1504.4
442,1469,1544,1588,1469,1445,1508,1478,1441,1553,1548,1504.3
443,1491,1559,1592,1483,1456,1511,1489,1450,1530,1558,1511.9
444,1508,1548,1576,1502,1463,1528,1490,1450,1557,1549,1517.1
445,1501,1553,1587,1494,1449,1539,1492,1432,1549,1560,1515.6
446,1499,1554,1551,1518,1417,1519,1511,1450,1560,1557,1513.6
447,1468,1546,1571,1507,1447,1553,1505,1442,1527,1539,1510.5
448,1450,1549,1590,1505,1479,1520,1506,1451,1548,1549,1514.7
449,1472,1553,1580,1498,1491,1506,1517,1439,1540,1531,1512.7
450,1456,1531,1569,1510,1478,1518,1509,1425,1516,1493,1500.5
451,1459,1564,1569,1506,1480,1495,1485,1448,1539,1528,1507.3
452,1484,1545,1558,1515,1491,1517,1485,1475,1529,1529,1512.8
453,1466,1546,1561,1526,1489,1512,1487,1468,1534,1504,1509.3
454,1495,1554,1575,1539,1490,1539,1508,1471,1528,1523,1522.2
455,1485,1584,1532,1542,1451,1569,1517,1484,1533,1486,1518.3
456,1478,1586,1568,1519,1477,1534,1504,1508,1543,1492,1520.9
457,1494,1584,1570,1520,1453,1572,1520,1470,1534,1516,1523.3
458,1496,1553,1585,1521,1465,1569,1527,1481,1533,1512,1524.2
459,1474,1577,1594,1501,1466,1526,1509,1459,1559,1532,1519.7
460,1481,1579,1575,1487,1485,1513,1503,1475,1564,1538,1520.0
461,1491,1581,1586,1483,1471,1521,1496,1467,1544,1553,1519.3
462,1492,1566,1575,1462,1460,1544,1488,1453,1524,1551,1511.5
463,1519,1557,1561,1485,1457,1542,1509,1454,1533,1555,1517.2
464,1526,1551,1586,1477,1449,1558,1491,1472,1546,1543,1519.9
465,1499,1588,1573,1487,1473,1530,1501,1479,1548,1540,1521.8
466,1525,1548,1585,1470,1477,1526,1546,1492,1557,1556,1528.2
467,1510,1554,1543,1489,1441,1554,1540,1473,1545,1552,1520.1
468,1499,1591,1579,1478,1465,1527,1540,1491,1507,1561,1523.8
469,1495,1575,1585,1478,1481,1511,1510,1484,1524,1519,1516.2
470,1514,1608,1582,1494,1486,1515,1524,1467,1514,1552,1525.6
471,1510,1583,1528,1487,1434,1514,1518,1483,1525,1558,1514.0
472,1538,1575,1561,1519,1489,1504,1521,1502,1543,1561,1531.3
473,1503,1558,1560,1497,1452,1517,1520,1491,1560,1539,1519.7
474,1478,1541,1592,1520,1455,1524,1536,1554,1601,1527,1532.8
475,1495,1582,1586,1493,1459,1520,1540,1510,1620,1532,1533.7
476,1498,1563,1616,1508,1474,1510,1555,1525,1629,1517,1539.5
477,1517,1558,1592,1523,1459,1534,1539,1458,1608,1537,1532.5
478,1517,1591,1573,1495,1462,1549,1531,1493,1617,1486,1531.4
479,1558,1573,1577,1543,1448,1572,1541,1493,1578,1497,1538.0
480,1556,1584,1549,1506,1451,1580,1544,1509,1574,1493,1534.6
481,1526,1571,1574,1533,1438,1562,1502,1505,1545,1544,1530.0
482,1519,1586,1608,1510,1430,1559,1529,1496,1565,1533,1533.5
483,1517,1558,1570,1534,1446,1548,1506,1500,1565,1499,1524.3
484,1511,1571,1573,1536,1476,1552,1526,1516,1580,1515,1535.6
485,1541,1550,1546,1527,1512,1541,1497,1477,1593,1532,1531.6
486,1500,1570,1569,1546,1477,1555,1476,1496,1556,1530,1527.5
487,1499,1548,1591,1555,1441,1552,1482,1505,1579,1525,1527.7
488,1516,1584,1566,1542,1471,1569,1488,1528,1562,1543,1536.9
489,1512,1547,1564,1523,1439,1559,1524,1509,1585,1524,1528.6
490,1524,1581,1603,1569,1464,1588,1502,1482,1585,1528,1542.6
491,1524,1586,1603,1556,1440,1567,1516,1488,1588,1517,1538.5
492,1481,1575,1588,1574,1468,1579,1506,1486,1588,1516,1536.1
493,1521,1561,1599,1572,1458,1600,1489,1482,1586,1572,1544.0
494,1514,1568,1561,1577,1443,1594,1504,1512,1580,1518,1537.1
495,1513,1567,1586,1599,1474,1605,1530,1483,1603,1497,1545.7
496,1502,1571,1574,1544,1469,1572,1509,1476,1586,1507,1531.0
497,1520,1570,1554,1570,1476,1598,1518,1457,1573,1518,1535.4
498,1513,1589,1548,1573,1471,1568,1526,1444,1567,1517,1531.6
499,1488,1581,1536,1546,1509,1580,1530,1445,1546,1529,1529.0
500,1507,1575,1556,1516,1484,1567,1535,1466,1571,1497,1527.4
501,1481,1583,1580,1520,1482,1598,1525,1468,1549,1516,1530.2
502,1490,1563,1566,1525,1449,1605,1531,1488,1598,1562,1537.7
503,1487,1589,1554,1531,1462,1590,1518,1485,1604,1575,1539.5
504,1500,1589,1577,1547,1491,1592,1533,1477,1626,1554,1548.6
505,1513,1606,1574,1549,1491,1581,1523,1469,1606,1528,1544.0
506,1493,1611,1588,1543,1490,1582,1524,1483,1619,1528,1546.1
507,1483,1603,1568,1560,1519,1568,1514,1504,1619,1519,1545.7
508,1494,1610,1597,1510,1500,1578,1494,1475,1583,1518,1535.9
509,1485,1618,1600,1517,1481,1592,1539,1490,1572,1488,1538.2
510,1496,1589,1575,1504,1479,1602,1510,1467,1580,1518,1532.0
511,1492,1572,1585,1520,1477,1581,1498,1470,1606,1520,1532.1
512,1485,1579,1587,1527,1470,1547,1543,1465,1599,1549,1535.1
513,1498,1589,1606,1544,1453,1568,1510,1458,1612,1545,1538.3
514,1504,1592,1614,1533,1453,1555,1541,1441,1610,1566,1540.9
515,1521,1575,1579,1556,1473,1589,1524,1452,1627,1555,1545.1
516,1505,1580,1601,1537,1463,1575,1509,1449,1626,1539,1538.4
517,1553,1567,1612,1535,1450,1576,1505,1447,1579,1555,1537.9
518,1496,1568,1597,1520,1437,1580,1511,1454,1603,1524,1529.0
519,1486,1568,1611,1523,1471,1582,1513,1456,1585,1576,1537.1
520,1515,1560,1609,1523,1493,1585,1498,1497,1599,1549,1542.8
521,1539,1566,1616,1532,1458,1607,1496,1484,1570,1554,1542.2
522,1547,1575,1618,1500,1468,1565,1522,1458,1595,1561,1540.9
523,1530,1575,1600,1532,1499,1576,1521,1496,1599,1553,1548.1
524,1525,1562,1603,1553,1527,1545,1525,1472,1612,1538,1546.2
525,1500,1545,1606,1543,1522,1553,1541,1490,1593,1572,1546.5
526,1528,1555,1600,1520,1458,1555,1563,1478,1560,1556,1537.3
527,1524,1575,1601,1523,1476,1552,1559,1445,1564,1543,1536.2
528,1512,1553,1612,1519,1458,1539,1552,1451,1556,1530,1528.2
529,1509,1583,1584,1520,1479,1554,1530,1455,1573,1547,1533.4
530,1512,1584,1612,1542,1476,1562,1505,1478,1590,1544,1540.5
531,1527,1588,1625,1502,1481,1551,1518,1495,1572,1560,1541.9
532,1554,1562,1600,1532,1502,1568,1511,1506,1563,1539,1543.7
533,1556,1565,1576,1540,1490,1568,1507,1472,1582,1563,1541.9
534,1558,1545,1582,1529,1506,1549,1492,1501,1579,1571,1541.2
535,1539,1584,1603,1534,1474,1522,1535,1514,1566,1546,1541.7
536,1529,1547,1561,1555,1466,1542,1532,1517,1570,1529,1534.8
537,1500,1584,1557,1555,1486,1559,1501,1518,1610,1541,1541.1
538,1493,1573,1550,1528,1492,1557,1537,1518,1579,1546,1537.3
539,1497,1544,1564,1538,1469,1540,1527,1518,1620,1557,1537.4
540,1482,1553,1543,1524,1478,1555,1539,1547,1595,1557,1537.3
541,1504,1558,1567,1532,1491,1525,1549,1557,1595,1564,1544.2
542,1502,1552,1570,1522,1492,1532,1528,1557,1594,1538,1538.7
543,1506,1549,1588,1546,1449,1517,1555,1528,1599,1539,1537.6
544,1508,1522,1574,1552,1467,1516,1514,1532,1568,1564,1531.7
545,1507,1571,1589,1531,1474,1521,1569,1530,1579,1556,1542.7
546,1504,1562,1567,1527,1486,1549,1533,1509,1602,1525,1536.4
547,1482,1576,1595,1551,1485,1560,1528,1507,1581,1519,1538.4
548,1513,1560,1571,1552,1504,1553,1540,1482,1603,1496,1537.4
549,1497,1567,1566,1522,1499,1543,1551,1498,1594,1520,1535.7
550,1515,1567,1583,1535,1509,1535,1533,1499,1599,1508,1538.3
551,1494,1575,1584,1530,1514,1538,1533,1517,1610,1504,1539.9
552,1477,1577,1579,1534,1506,1524,1516,1527,1595,1513,1534.8
553,1476,1622,1599,1518,1500,1499,1517,1508,1564,1519,1532.2
554,1468,1601,1570,1534,1486,1514,1523,1519,1573,1545,1533.3
555,1465,1618,1598,1538,1508,1510,1485,1537,1567,1536,1536.2
556,1501,1603,1616,1553,1482,1512,1511,1527,1579,1525,1540.9
557,1483,1616,1623,1545,1501,1533,1525,1546,1592,1523,1548.7
558,1506,1631,1599,1521,1486,1534,1525,1516,1578,1506,1540.2
559,1494,1629,1604,1549,1470,1567,1533,1521,1586,1521,1547.4
560,1480,1621,1586,1555,1473,1555,1540,1507,1609,1541,1546.7
561,1464,1621,1561,1536,1505,1522,1564,1549,1587,1531,1544.0
562,1459,1551,1552,1546,1495,1527,1540,1543,1614,1538,1536.5
563,1524,1565,1601,1555,1512,1542,1526,1515,1611,1546,1549.7
564,1514,1593,1577,1583,1523,1574,1551,1537,1615,1522,1558.9
565,1503,1596,1555,1558,1524,1544,1577,1516,1611,1506,1549.0
566,1516,1602,1569,1531,1498,1554,1543,1507,1585,1522,1542.7
567,1530,1619,1561,1553,1491,1568,1546,1505,1604,1497,1547.4
568,1509,1585,1563,1539,1501,1564,1539,1495,1598,1516,1540.9
569,1477,1581,1597,1529,1511,1559,1556,1532,1611,1516,1546.9
570,1503,1580,1590,1539,1511,1579,1578,1522,1618,1538,1555.8
571,1508,1599,1574,1518,1505,1547,1562,1509,1608,1542,1547.2
572,1517,1587,1598,1544,1479,1552,1552,1491,1620,1528,1546.8
573,1516,1586,1590,1547,1494,1571,1520,1504,1595,1539,1546.2
574,1529,1585,1583,1545,1494,1538,1550,1517,1593,1525,1545.9
575,1510,1601,1581,1518,1496,1553,1517,1514,1596,1540,1542.6
576,1534,1597,1609,1538,1496,1515,1545,1522,1580,1544,1548.0
577,1512,1572,1617,1537,1506,1531,1535,1535,1623,1550,1551.8
578,1501,1580,1613,1560,1474,1541,1540,1566,1557,1545,1547.7
579,1516,1582,1640,1554,1485,1550,1556,1538,1591,1569,1558.1
580,1496,1585,1613,1576,1509,1555,1553,1573,1565,1558,1558.3
581,1498,1566,1616,1560,1515,1572,1563,1555,1581,1546,1557.2
582,1482,1595,1630,1537,1476,1587,1548,1528,1587,1553,1552.3
583,1505,1561,1624,1553,1507,1560,1527,1523,1586,1534,1548.0
584,1504,1593,1616,1554,1536,1534,1530,1517,1601,1527,1551.2
585,1483,1602,1606,1546,1533,1547,1548,1521,1601,1500,1548.7
586,1495,1622,1601,1539,1552,1567,1541,1556,1576,1499,1554.8
587,1502,1628,1607,1533,1529,1556,1516,1544,1558,1485,1545.8
588,1483,1617,1631,1515,1547,1531,1536,1541,1536,1495,1543.2
589,1526,1605,1637,1527,1540,1529,1520,1523,1558,1528,1549.3
590,1526,1607,1628,1536,1525,1523,1552,1519,1574,1557,1554.7
591,1506,1596,1613,1533,1536,1525,1505,1535,1557,1514,1542.0
592,1539,1612,1581,1557,1515,1545,1512,1530,1578,1492,1546.1
593,1521,1629,1617,1528,1499,1561,1527,1540,1581,1488,1549.1
594,1513,1650,1607,1502,1493,1519,1506,1561,1559,1506,1541.6
595,1508,1632,1593,1502,1502,1574,1504,1550,1578,1529,1547.2
596,1534,1651,1635,1523,1486,1568,1493,1550,1530,1517,1548.7
597,1533,1605,1612,1505,1467,1551,1512,1562,1555,1521,1542.3
598,1544,1615,1608,1536,1487,1533,1530,1536,1575,1537,1550.1
599,1535,1600,1624,1518,1490,1568,1541,1530,1572,1545,1552.3
600,1532,1593,1611,1509,1489,1544,1480,1527,1557,1525,1536.7
601,1539,1593,1607,1531,1496,1567,1517,1522,1571,1537,1548.0
602,1501,1597,1566,1534,1487,1547,1522,1537,1544,1530,1536.5
603,1520,1590,1575,1562,1496,1546,1537,1562,1535,1496,1541.9
604,1512,1594,1587,1548,1498,1535,1523,1537,1556,1473,1536.3
605,1526,1582,1589,1546,1542,1542,1508,1546,1515,1506,1540.2
606,1534,1589,1599,1545,1547,1568,1522,1588,1540,1534,1556.6
607,1526,1612,1601,1566,1549,1564,1495,1566,1557,1516,1555.2
608,1516,1625,1595,1559,1521,1509,1504,1583,1543,1488,1544.3
609,1527,1612,1585,1552,1524,1539,1488,1536,1543,1470,1537.6
610,1567,1613,1580,1551,1532,1526,1496,1532,1556,1460,1541.3
611,1569,1634,1587,1538,1519,1536,1497,1515,1568,1515,1547.8
612,1537,1620,1607,1550,1513,1567,1489,1524,1559,1496,1546.2
613,1567,1631,1605,1552,1517,1577,1551,1491,1584,1509,1558.4
614,1552,1610,1589,1575,1473,1546,1537,1513,1558,1505,1545.8
615,1552,1610,1580,1566,1458,1524,1503,1533,1548,1514,1538.8
616,1526,1595,1591,1561,1486,1541,1508,1502,1558,1510,1537.8
617,1529,1601,1571,1564,1491,1528,1520,1492,1556,1518,1537.0
618,1513,1591,1590,1561,1503,1544,1548,1521,1563,1520,1545.4
619,1524,1576,1599,1557,1506,1529,1522,1514,1559,1517,1540.3
620,1529,1581,1591,1566,1533,1548,1527,1516,1549,1524,1546.4
621,1531,1576,1584,1546,1498,1526,1563,1541,1569,1500,1543.4
622,1530,1558,1586,1565,1523,1553,1559,1544,1536,1479,1543.3
623,1542,1597,1613,1565,1500,1569,1573,1533,1559,1499,1555.0
624,1526,1577,1621,1601,1513,1568,1535,1543,1547,1509,1554.0
625,1544,1557,1607,1604,1508,1545,1517,1535,1559,1527,1550.3
626,1537,1568,1611,1582,1526,1546,1535,1561,1582,1510,1555.8
627,1571,1559,1614,1575,1509,1572,1538,1575,1563,1515,1559.1
628,1546,1598,1603,1563,1506,1572,1527,1531,1583,1516,1554.5
629,1525,1598,1596,1592,1527,1553,1541,1524,1593,1521,1557.0
630,1542,1590,1571,1599,1534,1560,1528,1523,1593,1509,1554.9
631,1494,1611,1610,1593,1532,1553,1534,1524,1585,1525,1556.1
632,1500,1606,1585,1595,1540,1583,1536,1510,1585,1475,1551.5
633,1549,1588,1577,1565,1537,1557,1533,1500,1598,1483,1548.7
634,1513,1573,1557,1572,1516,1557,1538,1498,1565,1483,1537.2
635,1526,1569,1553,1553,1545,1533,1529,1494,1570,1501,1537.3
636,1512,1572,1551,1571,1537,1531,1528,1507,1548,1486,1534.3
637,1518,1596,1538,1568,1551,1544,1521,1505,1552,1488,1538.1
638,1502,1595,1548,1528,1510,1546,1496,1552,1575,1482,1533.4
639,1493,1606,1544,1526,1539,1540,1479,1565,1545,1501,1533.8
640,1507,1621,1546,1503,1507,1546,1457,1543,1560,1497,1528.7
641,1504,1638,1547,1531,1501,1561,1507,1537,1573,1526,1542.5
642,1486,1629,1545,1522,1504,1560,1535,1489,1574,1509,1535.3
643,1487,1630,1556,1528,1532,1586,1542,1509,1570,1488,1542.8
644,1493,1613,1585,1517,1543,1557,1512,1525,1588,1492,1542.5
645,1519,1606,1558,1497,1539,1553,1513,1491,1552,1516,1534.4
646,1498,1612,1543,1509,1512,1569,1519,1493,1563,1529,1534.7
647,1500,1610,1572,1518,1556,1562,1526,1497,1539,1516,1539.6
648,1477,1593,1569,1541,1533,1559,1526,1477,1539,1524,1533.8
649,1495,1576,1559,1553,1544,1569,1546,1520,1555,1546,1546.3
650,1489,1573,1586,1531,1560,1558,1546,1517,1592,1535,1548.7
651,1478,1561,1568,1524,1577,1602,1515,1537,1562,1508,1543.2
652,1495,1568,1554,1550,1547,1604,1540,1547,1551,1523,1547.9
653,1507,1559,1548,1542,1550,1577,1536,1534,1571,1511,1543.5
654,1511,1548,1569,1518,1537,1583,1564,1541,1603,1540,1551.4
655,1497,1585,1578,1525,1536,1590,1548,1522,1579,1504,1546.4
656,1483,1580,1563,1487,1543,1591,1531,1525,1571,1503,1537.7
657,1466,1588,1560,1514,1540,1575,1520,1529,1565,1527,1538.4
658,1490,1577,1558,1553,1530,1567,1527,1560,1554,1534,1545.0
659,1481,1576,1570,1554,1519,1571,1532,1558,1556,1521,1543.8
660,1511,1571,1591,1534,1505,1577,1539,1553,1579,1553,1551.3
661,1525,1604,1570,1549,1541,1592,1528,1550,1543,1525,1552.7
662,1549,1599,1573,1547,1521,1561,1528,1560,1553,1548,1553.9
663,1559,1585,1584,1551,1535,1598,1512,1560,1557,1512,1555.3
664,1491,1572,1561,1582,1532,1594,1529,1584,1528,1537,1551.0
665,1505,1613,1577,1537,1551,1586,1524,1581,1565,1511,1555.0
666,1517,1573,1585,1557,1546,1614,1529,1554,1535,1519,1552.9
667,1493,1582,1575,1568,1565,1593,1556,1579,1561,1528,1560.0
668,1506,1585,1593,1551,1525,1581,1508,1559,1546,1531,1548.5
669,1515,1567,1573,1564,1501,1575,1522,1550,1563,1520,1545.0
670,1505,1557,1561,1532,1517,1597,1495,1527,1588,1502,1538.1
671,1539,1546,1591,1547,1497,1601,1475,1539,1582,1533,1545.0
672,1525,1542,1576,1549,1518,1580,1504,1545,1599,1501,1543.9
673,1532,1574,1588,1538,1516,1578,1498,1553,1595,1507,1547.9
674,1518,1587,1598,1529,1517,1574,1525,1536,1592,1550,1552.6
675,1491,1555,1602,1515,1515,1558,1524,1544,1590,1526,1542.0
676,1522,1597,1600,1531,1529,1566,1512,1537,1546,1540,1548.0
677,1543,1584,1625,1546,1534,1569,1498,1524,1560,1548,1553.1
678,1539,1585,1630,1537,1511,1562,1511,1554,1571,1548,1554.8
679,1526,1604,1613,1544,1548,1601,1501,1542,1548,1526,1555.3
680,1507,1610,1585,1532,1526,1598,1470,1477,1586,1516,1540.7
681,1509,1588,1608,1545,1535,1610,1482,1509,1544,1529,1545.9
682,1501,1579,1609,1538,1516,1654,1493,1521,1552,1521,1548.4
683,1531,1585,1607,1521,1551,1594,1526,1544,1552,1517,1552.8
684,1510,1571,1586,1524,1562,1595,1509,1542,1555,1512,1546.6
685,1489,1552,1603,1532,1578,1584,1509,1562,1559,1519,1548.7
686,1510,1587,1604,1549,1544,1575,1531,1556,1576,1516,1554.8
687,1522,1641,1586,1538,1555,1573,1529,1560,1591,1499,1559.4
688,1528,1626,1608,1519,1535,1590,1524,1573,1607,1517,1562.7
689,1507,1611,1608,1502,1564,1577,1493,1551,1599,1504,1551.6
690,1541,1592,1606,1522,1561,1588,1523,1550,1612,1537,1563.2
691,1518,1576,1620,1493,1559,1570,1521,1541,1619,1522,1553.9
692,1500,1559,1626,1488,1574,1568,1533,1575,1611,1538,1557.2
693,1505,1581,1614,1512,1541,1574,1508,1564,1615,1515,1552.9
694,1511,1603,1605,1522,1547,1568,1506,1570,1614,1526,1557.2
695,1524,1573,1601,1483,1559,1557,1486,1570,1609,1520,1548.2
696,1511,1591,1620,1497,1558,1543,1490,1565,1619,1532,1552.6
697,1507,1560,1616,1494,1570,1537,1496,1546,1590,1553,1546.9
698,1523,1582,1588,1515,1576,1548,1503,1557,1586,1539,1551.7
699,1512,1582,1556,1498,1585,1567,1496,1553,1604,1539,1549.2
700,1542,1564,1605,1514,1565,1577,1503,1564,1575,1511,1552.0
701,1539,1553,1596,1508,1562,1551,1499,1553,1575,1499,1543.5
702,1559,1544,1613,1508,1586,1581,1486,1562,1607,1497,1554.3
703,1551,1540,1607,1496,1573,1578,1521,1582,1576,1527,1555.1
704,1537,1565,1616,1510,1539,1594,1530,1566,1586,1514,1555.7
705,1532,1569,1627,1557,1537,1552,1516,1548,1581,1526,1554.5
706,1552,1569,1607,1544,1532,1542,1536,1529,1589,1542,1554.2
707,1536,1552,1634,1538,1555,1531,1507,1524,1579,1541,1549.7
708,1517,1577,1629,1527,1520,1556,1506,1559,1618,1546,1555.5
709,1506,1614,1605,1534,1530,1544,1528,1533,1611,1518,1552.3
710,1520,1589,1593,1550,1537,1557,1524,1541,1605,1544,1556.0
711,1509,1601,1635,1524,1548,1585,1506,1571,1596,1520,1559.5
712,1482,1629,1631,1537,1526,1557,1512,1549,1585,1483,1549.1
713,1509,1610,1653,1525,1532,1565,1523,1574,1597,1474,1556.2
714,1473,1616,1649,1521,1525,1568,1518,1565,1564,1489,1548.8
715,1490,1576,1645,1498,1557,1596,1529,1567,1568,1525,1555.1
716,1527,1578,1631,1532,1536,1592,1539,1559,1596,1515,1560.5
717,1527,1601,1604,1503,1541,1578,1538,1563,1584,1536,1557.5
718,1534,1639,1638,1497,1530,1572,1531,1562,1563,1539,1560.5
719,1549,1592,1659,1518,1531,1577,1511,1522,1549,1507,1551.5
720,1525,1610,1646,1529,1527,1588,1529,1534,1572,1522,1558.2
721,1522,1614,1620,1515,1543,1579,1539,1505,1583,1543,1556.3
722,1499,1601,1648,1535,1547,1594,1546,1522,1591,1538,1562.1
723,1506,1617,1632,1524,1571,1562,1539,1544,1585,1533,1561.3
724,1554,1613,1655,1548,1546,1572,1530,1536,1596,1510,1566.0
725,1516,1615,1653,1537,1529,1588,1557,1555,1587,1492,1562.9
726,1524,1655,1640,1522,1532,1586,1508,1532,1594,1510,1560.3
727,1505,1631,1638,1525,1513,1585,1513,1531,1607,1501,1554.9
728,1521,1642,1644,1535,1545,1582,1509,1534,1612,1522,1564.6
729,1532,1641,1642,1523,1543,1610,1512,1527,1608,1547,1568.5
730,1542,1629,1640,1499,1536,1610,1509,1531,1617,1540,1565.3
731,1562,1628,1657,1508,1537,1584,1514,1550,1616,1540,1569.6
732,1562,1634,1639,1525,1528,1579,1527,1553,1621,1543,1571.1
733,1539,1611,1603,1551,1548,1588,1536,1547,1592,1532,1564.7
734,1561,1631,1609,1577,1532,1565,1529,1580,1580,1532,1569.6
735,1553,1631,1639,1571,1518,1545,1525,1566,1612,1554,1571.4
736,1530,1609,1659,1546,1521,1585,1525,1567,1565,1529,1563.6
737,1500,1612,1617,1575,1518,1558,1546,1571,1575,1534,1560.6
738,1489,1590,1647,1533,1530,1541,1528,1559,1566,1538,1552.1
739,1475,1600,1632,1566,1528,1564,1517,1551,1572,1513,1551.8
740,1484,1597,1647,1519,1511,1576,1526,1551,1562,1501,1547.4
741,1481,1592,1644,1552,1525,1567,1530,1548,1566,1480,1548.5
742,1509,1605,1641,1544,1534,1598,1511,1562,1568,1505,1557.7
743,1514,1572,1652,1557,1492,1608,1501,1560,1578,1517,1555.1
744,1522,1596,1629,1564,1487,1603,1532,1556,1567,1476,1553.2
745,1529,1587,1608,1566,1496,1602,1519,1566,1596,1502,1557.1
746,1506,1574,1603,1562,1486,1592,1530,1526,1574,1511,1546.4
747,1502,1599,1635,1529,1506,1574,1497,1564,1567,1518,1549.1
748,1499,1609,1610,1547,1497,1577,1509,1586,1566,1516,1551.6
749,1492,1578,1630,1558,1515,1561,1508,1585,1573,1512,1551.2
750,1483,1610,1625,1547,1510,1550,1494,1551,1578,1524,1547.2
751,1499,1590,1626,1548,1498,1553,1527,1575,1568,1493,1547.7
752,1536,1578,1628,1541,1528,1567,1524,1546,1569,1521,1553.8
753,1499,1590,1649,1536,1536,1583,1506,1567,1577,1546,1558.9
754,1529,1570,1646,1551,1541,1575,1510,1571,1591,1552,1563.6
755,1503,1608,1638,1546,1553,1616,1535,1577,1566,1510,1565.2
756,1493,1589,1649,1558,1553,1602,1541,1564,1571,1531,1565.1
757,1523,1624,1673,1551,1534,1576,1528,1536,1599,1501,1564.5
758,1515,1582,1650,1537,1538,1530,1515,1571,1617,1508,1556.3
759,1523,1595,1623,1528,1500,1544,1530,1547,1610,1536,1553.6
760,1524,1605,1596,1531,1487,1542,1519,1549,1613,1523,1548.9
761,1546,1594,1637,1532,1508,1551,1529,1551,1607,1506,1556.1
762,1547,1607,1636,1532,1527,1579,1533,1555,1578,1511,1560.5
763,1532,1585,1629,1541,1482,1569,1493,1569,1615,1495,1551.0
764,1539,1572,1640,1496,1482,1580,1523,1547,1627,1491,1549.7
765,1542,1570,1632,1535,1522,1561,1507,1561,1587,1502,1551.9
766,1535,1580,1621,1506,1548,1538,1528,1535,1607,1503,1550.1
767,1492,1588,1631,1521,1527,1563,1511,1542,1586,1501,1546.2
768,1528,1593,1642,1544,1540,1553,1522,1542,1573,1508,1554.5
769,1510,1589,1649,1525,1546,1562,1538,1544,1549,1516,1552.8
770,1531,1611,1655,1527,1520,1574,1500,1552,1572,1542,1558.4
771,1518,1618,1640,1517,1521,1574,1536,1563,1577,1550,1561.4
772,1508,1607,1654,1520,1511,1572,1515,1553,1588,1520,1554.8
773,1533,1604,1623,1500,1523,1554,1491,1560,1566,1531,1548.5
774,1529,1627,1674,1527,1530,1558,1489,1565,1594,1530,1562.3
775,1549,1609,1631,1548,1515,1579,1476,1559,1593,1518,1557.7
776,1572,1595,1615,1544,1555,1570,1484,1576,1597,1537,1564.5
777,1567,1592,1616,1535,1562,1574,1475,1576,1591,1528,1561.6
778,1544,1603,1587,1519,1524,1579,1481,1558,1606,1533,1553.4
779,1551,1570,1607,1507,1538,1572,1487,1552,1598,1511,1549.3
780,1520,1593,1608,1507,1550,1541,1481,1562,1596,1538,1549.6
781,1524,1600,1592,1495,1536,1579,1455,1549,1590,1543,1546.3
782,1527,1586,1616,1529,1518,1578,1461,1546,1579,1527,1546.7
783,1564,1611,1624,1507,1502,1575,1463,1567,1575,1543,1553.1
784,1538,1603,1603,1516,1516,1552,1477,1532,1585,1495,1541.7
785,1545,1595,1594,1531,1529,1570,1459,1551,1626,1514,1551.4
786,1526,1612,1610,1559,1511,1583,1494,1549,1617,1524,1558.5
787,1569,1621,1604,1552,1494,1605,1477,1550,1623,1541,1563.6
788,1568,1616,1624,1530,1492,1589,1468,1537,1600,1544,1556.8
789,1593,1593,1636,1555,1500,1612,1469,1531,1610,1524,1562.3
790,1564,1568,1626,1543,1544,1591,1461,1514,1580,1501,1549.2
791,1571,1561,1642,1547,1544,1590,1447,1529,1583,1522,1553.6
792,1538,1573,1612,1539,1558,1578,1475,1566,1564,1520,1552.3
793,1535,1555,1634,1554,1546,1574,1426,1586,1597,1559,1556.6
794,1549,1559,1629,1535,1530,1557,1473,1586,1606,1528,1555.2
795,1570,1564,1627,1534,1528,1574,1464,1546,1588,1525,1552.0
796,1579,1591,1602,1504,1529,1548,1444,1546,1606,1524,1547.3
797,1572,1622,1607,1550,1527,1545,1491,1578,1623,1528,1564.3
798,1563,1589,1622,1534,1504,1546,1449,1564,1584,1502,1545.7
799,1571,1584,1625,1540,1473,1559,1461,1524,1568,1500,1540.5
800,1543,1607,1626,1531,1502,1552,1483,1555,1573,1509,1548.1
801,1576,1608,1612,1515,1532,1526,1464,1552,1562,1503,1545.0
802,1550,1615,1602,1543,1510,1533,1461,1572,1555,1517,1545.8
803,1569,1613,1632,1529,1501,1571,1490,1563,1544,1513,1552.5
804,1554,1607,1602,1524,1516,1571,1522,1585,1564,1510,1555.5
805,1550,1618,1629,1536,1517,1565,1524,1567,1582,1544,1563.2
806,1578,1620,1610,1527,1532,1560,1494,1567,1585,1534,1560.7
807,1573,1628,1612,1537,1527,1571,1474,1563,1602,1542,1562.9
808,1583,1631,1619,1539,1533,1552,1487,1567,1592,1544,1564.7
809,1563,1627,1604,1547,1534,1578,1518,1599,1594,1545,1570.9
810,1559,1636,1640,1516,1541,1591,1494,1542,1575,1558,1565.2
811,1558,1638,1646,1520,1530,1586,1515,1557,1558,1532,1564.0
812,1541,1635,1634,1533,1494,1574,1508,1521,1567,1525,1553.2
813,1547,1625,1657,1558,1493,1594,1512,1526,1575,1537,1562.4
814,1546,1649,1636,1542,1488,1537,1494,1568,1578,1556,1559.4
815,1522,1626,1652,1523,1497,1562,1501,1571,1584,1534,1557.2
816,1577,1635,1621,1550,1520,1577,1502,1575,1608,1523,1568.8
817,1551,1639,1624,1515,1509,1557,1549,1597,1594,1517,1565.2
818,1565,1591,1609,1538,1511,1560,1514,1608,1591,1528,1561.5
819,1553,1619,1626,1492,1492,1557,1559,1602,1616,1546,1566.2
820,1557,1614,1633,1525,1522,1558,1513,1620,1612,1554,1570.8
821,1552,1618,1615,1555,1501,1568,1524,1605,1618,1521,1567.7
822,1549,1623,1623,1553,1512,1571,1510,1587,1628,1546,1570.2
823,1546,1642,1601,1521,1522,1563,1479,1585,1622,1522,1560.3
824,1542,1614,1590,1513,1514,1578,1503,1584,1626,1554,1561.8
825,1524,1631,1623,1551,1487,1558,1502,1595,1628,1533,1563.2
826,1565,1598,1610,1518,1496,1542,1525,1592,1638,1521,1560.5
827,1536,1611,1644,1541,1499,1541,1512,1597,1642,1519,1564.2
828,1526,1568,1633,1489,1505,1559,1488,1607,1623,1515,1551.3
829,1511,1607,1615,1525,1518,1548,1503,1590,1620,1521,1555.8
830,1518,1594,1575,1505,1516,1578,1522,1541,1644,1534,1552.7
831,1499,1564,1584,1529,1510,1566,1544,1562,1650,1529,1553.7
832,1509,1587,1574,1522,1514,1574,1568,1558,1632,1524,1556.2
833,1505,1561,1592,1524,1488,1560,1524,1543,1632,1542,1547.1
834,1509,1597,1595,1528,1510,1556,1509,1570,1642,1509,1552.5
835,1514,1580,1577,1516,1497,1542,1483,1579,1648,1538,1547.4
836,1503,1595,1611,1530,1493,1534,1474,1575,1632,1521,1546.8
837,1533,1588,1629,1508,1504,1552,1480,1533,1615,1552,1549.4
838,1546,1617,1621,1531,1478,1541,1498,1553,1618,1552,1555.5
839,1522,1623,1594,1535,1491,1538,1497,1549,1631,1525,1550.5
840,1539,1594,1620,1545,1503,1571,1479,1550,1587,1507,1549.5
841,1544,1614,1596,1579,1516,1544,1483,1566,1584,1512,1553.8
842,1534,1599,1593,1565,1511,1525,1496,1557,1581,1519,1548.0
843,1536,1598,1606,1568,1529,1540,1519,1542,1584,1487,1550.9
844,1539,1621,1594,1578,1507,1558,1506,1542,1590,1496,1553.1
845,1543,1636,1591,1542,1522,1562,1499,1553,1596,1518,1556.2
846,1564,1622,1618,1559,1512,1549,1499,1552,1590,1523,1558.8
847,1557,1636,1606,1572,1536,1555,1458,1533,1587,1507,1554.7
848,1504,1618,1616,1553,1516,1550,1526,1563,1604,1510,1556.0
849,1533,1627,1593,1538,1531,1592,1519,1550,1593,1532,1560.8
850,1502,1633,1617,1547,1563,1607,1514,1533,1589,1556,1566.1
851,1540,1623,1609,1545,1522,1569,1508,1524,1619,1531,1559.0
852,1522,1618,1610,1553,1542,1572,1501,1552,1596,1536,1560.2
853,1522,1579,1603,1551,1484,1551,1510,1562,1603,1526,1549.1
854,1539,1622,1627,1533,1512,1579,1495,1545,1590,1533,1557.5
855,1536,1599,1637,1518,1543,1557,1520,1543,1596,1521,1557.0
856,1551,1595,1613,1564,1525,1539,1505,1555,1601,1512,1556.0
857,1537,1596,1598,1574,1527,1530,1537,1518,1611,1519,1554.7
858,1553,1621,1602,1573,1541,1549,1553,1532,1616,1521,1566.1
859,1541,1581,1612,1545,1492,1547,1545,1524,1604,1511,1550.2
860,1550,1599,1623,1552,1524,1558,1558,1545,1620,1539,1566.8
861,1542,1605,1592,1550,1540,1535,1570,1540,1637,1538,1564.9
862,1527,1609,1600,1520,1534,1533,1557,1554,1636,1543,1561.3
863,1537,1594,1618,1537,1540,1565,1553,1565,1640,1545,1569.4
864,1537,1601,1632,1545,1525,1548,1552,1556,1639,1546,1568.1
865,1526,1583,1619,1544,1527,1546,1522,1572,1599,1553,1559.1
866,1543,1580,1618,1524,1523,1559,1523,1555,1615,1529,1556.9
867,1528,1625,1627,1551,1521,1560,1515,1570,1591,1509,1559.7
868,1534,1609,1605,1558,1526,1549,1522,1545,1591,1552,1559.1
869,1531,1614,1608,1552,1526,1568,1494,1563,1591,1558,1560.5
870,1516,1593,1569,1547,1543,1562,1526,1574,1602,1546,1557.8
871,1555,1620,1560,1558,1538,1535,1487,1575,1620,1572,1562.0
872,1577,1599,1603,1568,1524,1561,1513,1562,1611,1562,1568.0
873,1572,1600,1594,1576,1506,1561,1538,1574,1616,1555,1569.2
874,1591,1588,1607,1520,1533,1552,1487,1584,1621,1516,1559.9
875,1599,1607,1646,1535,1491,1573,1478,1576,1603,1536,1564.4
876,1544,1611,1618,1522,1539,1545,1451,1575,1640,1552,1559.7
877,1538,1604,1607,1520,1510,1569,1481,1611,1631,1529,1560.0
878,1529,1584,1582,1495,1509,1539,1459,1595,1623,1544,1545.9
879,1524,1609,1596,1493,1527,1546,1498,1580,1620,1557,1555.0
880,1517,1603,1617,1509,1510,1547,1529,1584,1644,1570,1563.0
881,1551,1610,1631,1489,1532,1557,1502,1583,1619,1556,1563.0
882,1549,1589,1630,1494,1502,1562,1489,1589,1619,1543,1556.6
883,1537,1615,1632,1491,1526,1566,1510,1576,1585,1552,1559.0
884,1517,1608,1616,1503,1506,1621,1493,1603,1597,1574,1563.8
885,1554,1594,1597,1510,1532,1604,1474,1595,1616,1556,1563.2
886,1550,1620,1608,1521,1541,1588,1497,1604,1593,1537,1565.9
887,1528,1617,1621,1511,1531,1583,1498,1594,1598,1520,1560.1
888,1552,1631,1604,1521,1543,1617,1540,1595,1600,1524,1572.7
889,1584,1610,1614,1509,1580,1620,1538,1575,1589,1538,1575.7
890,1599,1597,1603,1478,1537,1597,1496,1599,1590,1529,1562.5
891,1579,1607,1572,1491,1558,1613,1515,1592,1614,1517,1565.8
892,1573,1612,1593,1497,1527,1607,1543,1583,1635,1481,1565.1
893,1556,1590,1568,1524,1523,1629,1515,1557,1623,1509,1559.4
894,1557,1570,1580,1497,1532,1612,1516,1595,1602,1514,1557.5
895,1525,1567,1607,1521,1499,1615,1514,1575,1602,1516,1554.1
896,1546,1582,1608,1524,1518,1607,1524,1546,1591,1526,1557.2
897,1553,1586,1579,1524,1491,1601,1507,1558,1603,1539,1554.1
898,1530,1594,1611,1510,1505,1575,1533,1579,1611,1533,1558.1
899,1545,1597,1600,1539,1480,1602,1506,1577,1622,1553,1562.1
900,1526,1605,1632,1523,1497,1606,1515,1533,1604,1522,1556.3
901,1561,1615,1590,1526,1498,1615,1532,1574,1626,1550,1568.7
902,1535,1629,1599,1545,1523,1610,1538,1553,1618,1536,1568.6
903,1568,1606,1619,1551,1518,1607,1552,1579,1593,1530,1572.3
904,1576,1572,1608,1547,1539,1597,1511,1566,1582,1524,1562.2
905,1566,1566,1595,1525,1524,1599,1538,1547,1590,1514,1556.4
906,1572,1566,1606,1529,1517,1628,1547,1593,1586,1511,1565.5
907,1563,1558,1606,1519,1517,1633,1553,1604,1597,1547,1569.7
908,1584,1581,1606,1506,1536,1643,1529,1593,1571,1559,1570.8
909,1585,1578,1590,1525,1537,1628,1506,1583,1575,1527,1563.4
910,1552,1572,1630,1526,1550,1642,1516,1571,1569,1533,1566.1
911,1555,1569,1603,1530,1544,1637,1512,1560,1569,1519,1559.8
912,1561,1563,1591,1503,1546,1641,1509,1568,1587,1510,1557.9
913,1570,1562,1610,1522,1541,1632,1527,1572,1598,1523,1565.7
914,1560,1582,1608,1543,1542,1629,1532,1584,1621,1513,1571.4
915,1586,1585,1598,1501,1523,1645,1539,1563,1609,1518,1566.7
916,1577,1570,1582,1500,1523,1619,1529,1541,1606,1503,1555.0
917,1588,1602,1571,1510,1517,1621,1535,1566,1557,1542,1560.9
918,1601,1580,1603,1490,1523,1618,1528,1543,1587,1519,1559.2
919,1579,1580,1595,1505,1492,1618,1544,1567,1598,1519,1559.7
920,1581,1576,1591,1523,1527,1632,1488,1577,1600,1514,1560.9
921,1568,1591,1592,1510,1529,1655,1520,1547,1574,1486,1557.2
922,1566,1588,1602,1543,1516,1639,1508,1537,1584,1469,1555.2
923,1543,1603,1611,1521,1501,1656,1517,1543,1606,1499,1560.0
924,1523,1585,1612,1522,1505,1661,1499,1563,1590,1497,1555.7
925,1551,1611,1613,1532,1513,1656,1494,1550,1594,1500,1561.4
926,1559,1630,1578,1507,1518,1658,1500,1573,1586,1507,1561.6
927,1572,1620,1566,1536,1500,1629,1489,1567,1569,1493,1554.1
928,1574,1605,1576,1511,1505,1623,1503,1605,1562,1496,1556.0
929,1538,1630,1591,1529,1496,1613,1470,1556,1595,1518,1553.6
930,1554,1622,1587,1552,1497,1612,1484,1514,1576,1517,1551.5
931,1533,1619,1597,1555,1515,1598,1492,1544,1564,1499,1551.6
932,1552,1603,1565,1537,1529,1579,1484,1584,1563,1502,1549.8
933,1565,1605,1560,1558,1531,1586,1462,1569,1571,1519,1552.6
934,1561,1630,1586,1543,1536,1597,1516,1584,1553,1536,1564.2
935,1535,1597,1569,1538,1538,1632,1487,1580,1568,1509,1555.3
936,1535,1618,1573,1534,1526,1620,1481,1566,1587,1518,1555.8
937,1561,1626,1558,1570,1535,1616,1508,1596,1578,1500,1564.8
938,1546,1599,1534,1552,1521,1624,1512,1599,1572,1527,1558.6
939,1554,1604,1563,1534,1532,1622,1512,1611,1565,1526,1562.3
940,1562,1612,1533,1525,1544,1667,1507,1576,1580,1540,1564.6
941,1548,1587,1552,1527,1517,1639,1511,1590,1589,1551,1561.1
942,1582,1595,1523,1562,1514,1646,1493,1528,1606,1528,1557.7
943,1567,1594,1538,1543,1539,1642,1509,1572,1579,1521,1560.4
944,1566,1611,1545,1520,1515,1632,1487,1557,1581,1515,1552.9
945,1532,1602,1546,1531,1546,1632,1483,1560,1582,1527,1554.1
946,1508,1611,1539,1537,1518,1654,1505,1578,1561,1522,1553.3
947,1503,1618,1587,1540,1568,1636,1545,1567,1599,1511,1567.4
948,1495,1585,1584,1567,1527,1643,1543,1535,1563,1531,1557.3
949,1517,1572,1574,1550,1509,1647,1543,1581,1556,1544,1559.3
950,1532,1580,1537,1523,1515,1645,1526,1582,1566,1534,1554.0
951,1547,1584,1554,1554,1543,1607,1516,1599,1593,1562,1565.9
952,1571,1602,1587,1535,1522,1620,1543,1586,1562,1543,1567.1
953,1558,1590,1574,1521,1532,1606,1533,1553,1579,1555,1560.1
954,1544,1611,1555,1526,1546,1617,1539,1554,1574,1553,1561.9
955,1522,1610,1557,1547,1540,1600,1540,1531,1587,1524,1555.8
956,1537,1603,1561,1550,1534,1630,1534,1552,1590,1546,1563.7
957,1521,1622,1551,1546,1521,1619,1524,1551,1577,1570,1560.2
958,1510,1607,1554,1553,1484,1632,1562,1547,1580,1567,1559.6
959,1558,1575,1578,1537,1523,1601,1519,1548,1593,1536,1556.8
960,1561,1594,1579,1541,1507,1619,1519,1529,1559,1529,1553.7
961,1582,1630,1565,1537,1504,1595,1523,1536,1588,1543,1560.3
962,1550,1603,1563,1548,1491,1590,1530,1517,1581,1561,1553.4
963,1551,1573,1562,1527,1504,1590,1511,1558,1585,1526,1548.7
964,1542,1584,1556,1521,1524,1602,1536,1563,1598,1536,1556.2
965,1546,1571,1569,1519,1529,1594,1528,1548,1591,1503,1549.8
966,1552,1566,1570,1538,1544,1590,1533,1539,1592,1525,1554.9
967,1533,1569,1593,1523,1532,1610,1519,1536,1588,1501,1550.4
968,1530,1544,1578,1528,1526,1621,1552,1545,1581,1485,1549.0
969,1545,1569,1606,1524,1542,1594,1541,1555,1567,1497,1554.0
970,1516,1590,1592,1520,1524,1573,1528,1575,1568,1486,1547.2
971,1512,1605,1606,1525,1533,1562,1543,1571,1562,1515,1553.4
972,1543,1592,1590,1557,1502,1604,1579,1592,1574,1507,1564.0
973,1549,1598,1592,1524,1514,1574,1571,1557,1573,1504,1555.6
974,1540,1608,1606,1524,1493,1624,1597,1579,1558,1501,1563.0
975,1548,1563,1612,1514,1523,1584,1586,1559,1570,1510,1556.9
976,1527,1577,1639,1523,1544,1566,1581,1555,1579,1500,1559.1
977,1508,1580,1598,1557,1512,1577,1558,1569,1576,1511,1554.6
978,1516,1581,1576,1566,1519,1595,1553,1563,1608,1509,1558.6
979,1529,1583,1590,1544,1499,1584,1540,1545,1639,1519,1557.2
980,1564,1570,1585,1540,1466,1615,1549,1548,1647,1484,1556.8
981,1557,1578,1559,1521,1490,1595,1558,1560,1631,1492,1554.1
982,1533,1589,1539,1514,1492,1629,1575,1578,1640,1514,1560.3
983,1521,1548,1581,1535,1501,1614,1565,1561,1598,1519,1554.3
984,1539,1574,1558,1530,1507,1598,1601,1577,1584,1551,1561.9
985,1532,1579,1555,1540,1511,1612,1613,1573,1570,1508,1559.3
986,1538,1618,1553,1554,1515,1599,1580,1584,1586,1549,1567.6
987,1549,1636,1548,1581,1525,1605,1565,1585,1588,1502,1568.4
988,1562,1622,1570,1563,1507,1604,1578,1536,1611,1520,1567.3
989,1536,1603,1550,1607,1488,1619,1569,1555,1625,1527,1567.9
990,1552,1605,1573,1601,1483,1609,1552,1546,1599,1495,1561.5
991,1562,1603,1582,1600,1473,1607,1545,1536,1590,1485,1558.3
992,1546,1575,1582,1588,1499,1591,1557,1570,1584,1521,1561.3
993,1553,1588,1569,1577,1480,1573,1523,1553,1597,1488,1550.1
994,1572,1584,1568,1579,1504,1595,1552,1544,1591,1513,1560.2
995,1551,1567,1570,1569,1480,1627,1574,1556,1604,1485,1558.3
996,1545,1527,1572,1559,1486,1607,1582,1552,1601,1532,1556.3
997,1532,1565,1603,1575,1528,1637,1580,1576,1575,1510,1568.1
998,1526,1561,1605,1552,1511,1606,1572,1528,1578,1510,1554.9
999,1540,1575,1572,1568,1525,1579,1575,1521,1563,1534,1555.2
1000,1523,1559,1604,1527,1474,1590,1580,1518,1538,1523,1543.6
