Timestep,mc_1,mc_2,mc_3,mc_4,mc_5,mc_6,mc_7,mc_8,mc_9,mc_10,mc_11,mc_12,mc_13,mc_14,mc_15,mc_16,mc_17,mc_18,mc_19,mc_20,mean
0,4622.0,4622.0,4622.0,4622.0,4622.0,4622.0,4622.0,4622.0,4622.0,4622.0,4622.0,4622.0,4622.0,4622.0,4622.0,4622.0,4622.0,4622.0,4622.0,4622.0,4622.0
1,4384.0,4410.0,4405.0,4437.0,4393.0,4421.0,4413.0,4426.0,4404.0,4380.0,4422.0,4396.0,4369.0,4412.0,4408.0,4413.0,4403.0,4408.0,4417.0,4398.0,4405.95
2,4136.0,4188.0,4139.0,4217.0,4168.0,4185.0,4189.0,4227.0,4184.0,4136.0,4197.0,4168.0,4124.0,4176.0,4169.0,4186.0,4167.0,4176.0,4185.0,4175.0,4174.6
3,3899.0,3961.0,3879.0,3981.0,3933.0,3965.0,3942.0,3988.0,3952.0,3880.0,3966.0,3929.0,3903.0,3953.0,3937.0,3949.0,3944.0,3956.0,3974.0,3948.0,3941.95
4,3648.0,3735.0,3616.0,3768.0,3705.0,3734.0,3715.0,3766.0,3722.0,3616.0,3739.0,3685.0,3686.0,3710.0,3702.0,3734.0,3713.0,3740.0,3741.0,3735.0,3710.5
5,3417.0,3495.0,3371.0,3544.0,3471.0,3506.0,3486.0,3543.0,3495.0,3362.0,3516.0,3431.0,3457.0,3474.0,3476.0,3525.0,3479.0,3521.0,3503.0,3523.0,3479.75
6,3185.0,3287.0,3148.0,3325.0,3225.0,3283.0,3262.0,3315.0,3257.0,3124.0,3300.0,3198.0,3244.0,3226.0,3249.0,3294.0,3252.0,3321.0,3259.0,3318.0,3253.6
7,2971.0,3074.0,2933.0,3127.0,3003.0,3036.0,3037.0,3111.0,3060.0,2895.0,3090.0,2988.0,3026.0,2973.0,2990.0,3056.0,3022.0,3121.0,3026.0,3104.0,3032.15
8,2768.0,2897.0,2727.0,2922.0,2789.0,2829.0,2832.0,2895.0,2858.0,2658.0,2895.0,2773.0,2820.0,2749.0,2747.0,2840.0,2823.0,2906.0,2834.0,2905.0,2823.35
9,2576.0,2739.0,2513.0,2737.0,2576.0,2628.0,2635.0,2713.0,2661.0,2452.0,2705.0,2582.0,2638.0,2520.0,2534.0,2671.0,2621.0,2707.0,2640.0,2714.0,2628.1
10,2375.0,2591.0,2313.0,2566.0,2376.0,2459.0,2425.0,2518.0,2479.0,2267.0,2487.0,2407.0,2466.0,2307.0,2350.0,2505.0,2439.0,2508.0,2456.0,2531.0,2441.25
11,2197.0,2453.0,2131.0,2423.0,2225.0,2301.0,2227.0,2365.0,2325.0,2111.0,2302.0,2233.0,2280.0,2082.0,2167.0,2342.0,2246.0,2329.0,2299.0,2355.0,2269.65
12,2036.0,2355.0,1974.0,2259.0,2057.0,2144.0,2046.0,2214.0,2152.0,1984.0,2124.0,2085.0,2120.0,1905.0,2009.0,2206.0,2090.0,2153.0,2135.0,2201.0,2112.45
13,1877.0,2248.0,1814.0,2123.0,1906.0,1978.0,1877.0,2054.0,2043.0,1825.0,1957.0,1939.0,1970.0,1727.0,1832.0,2053.0,1930.0,1982.0,1986.0,2027.0,1957.4
14,1757.0,2157.0,1656.0,2011.0,1768.0,1824.0,1698.0,1903.0,1928.0,1682.0,1814.0,1772.0,1821.0,1591.0,1691.0,1944.0,1777.0,1831.0,1812.0,1911.0,1817.4
15,1622.0,2069.0,1544.0,1895.0,1645.0,1672.0,1537.0,1771.0,1807.0,1532.0,1671.0,1656.0,1678.0,1466.0,1549.0,1825.0,1631.0,1697.0,1683.0,1794.0,1687.2
16,1482.0,2002.0,1405.0,1792.0,1534.0,1536.0,1371.0,1637.0,1703.0,1437.0,1559.0,1517.0,1533.0,1367.0,1416.0,1709.0,1497.0,1562.0,1534.0,1680.0,1563.65
17,1372.0,1924.0,1319.0,1669.0,1402.0,1406.0,1243.0,1518.0,1603.0,1302.0,1456.0,1381.0,1425.0,1299.0,1286.0,1616.0,1363.0,1446.0,1411.0,1572.0,1450.65
18,1254.0,1867.0,1231.0,1555.0,1306.0,1318.0,1115.0,1416.0,1528.0,1194.0,1331.0,1256.0,1332.0,1192.0,1174.0,1532.0,1259.0,1337.0,1274.0,1480.0,1347.55
19,1138.0,1781.0,1127.0,1466.0,1209.0,1241.0,993.0,1317.0,1451.0,1074.0,1207.0,1128.0,1231.0,1135.0,1053.0,1442.0,1172.0,1247.0,1157.0,1402.0,1248.55
20,1056.0,1713.0,1063.0,1348.0,1090.0,1147.0,925.0,1211.0,1407.0,987.0,1112.0,1018.0,1133.0,1098.0,951.0,1346.0,1085.0,1155.0,1047.0,1300.0,1159.6
21,981.0,1654.0,989.0,1275.0,986.0,1072.0,828.0,1132.0,1353.0,919.0,1013.0,934.0,1060.0,1053.0,862.0,1306.0,990.0,1074.0,952.0,1226.0,1082.95
22,887.0,1580.0,915.0,1197.0,870.0,1008.0,757.0,1033.0,1308.0,862.0,916.0,865.0,959.0,1007.0,750.0,1268.0,941.0,972.0,870.0,1156.0,1006.05
23,818.0,1506.0,857.0,1138.0,780.0,967.0,707.0,942.0,1240.0,803.0,819.0,818.0,874.0,974.0,661.0,1200.0,862.0,914.0,804.0,1081.0,938.25
24,778.0,1439.0,800.0,1081.0,708.0,914.0,655.0,848.0,1216.0,795.0,751.0,752.0,809.0,935.0,605.0,1148.0,815.0,854.0,726.0,1024.0,882.65
25,731.0,1395.0,762.0,1025.0,646.0,887.0,599.0,796.0,1150.0,756.0,739.0,703.0,741.0,918.0,540.0,1096.0,754.0,778.0,651.0,966.0,831.65
26,672.0,1367.0,732.0,991.0,587.0,852.0,556.0,721.0,1105.0,713.0,702.0,661.0,672.0,883.0,503.0,1036.0,717.0,721.0,588.0,951.0,786.5
27,643.0,1352.0,696.0,972.0,557.0,812.0,542.0,672.0,1068.0,670.0,663.0,605.0,630.0,887.0,472.0,1007.0,691.0,645.0,520.0,916.0,751.0
28,637.0,1335.0,637.0,939.0,551.0,815.0,514.0,615.0,1024.0,643.0,648.0,573.0,580.0,883.0,456.0,967.0,660.0,589.0,477.0,899.0,722.1
29,626.0,1322.0,623.0,921.0,560.0,772.0,498.0,590.0,991.0,612.0,630.0,547.0,551.0,867.0,451.0,951.0,636.0,547.0,461.0,868.0,701.2
30,610.0,1326.0,597.0,896.0,533.0,789.0,479.0,575.0,977.0,630.0,635.0,525.0,535.0,843.0,440.0,914.0,639.0,530.0,444.0,872.0,689.45
31,617.0,1328.0,591.0,870.0,525.0,773.0,485.0,544.0,938.0,633.0,657.0,508.0,512.0,856.0,438.0,921.0,638.0,514.0,413.0,862.0,681.15
32,614.0,1309.0,596.0,858.0,508.0,758.0,504.0,523.0,916.0,602.0,678.0,488.0,539.0,835.0,427.0,903.0,650.0,500.0,372.0,868.0,672.4
33,592.0,1301.0,592.0,837.0,504.0,745.0,510.0,515.0,908.0,611.0,662.0,484.0,538.0,811.0,442.0,904.0,654.0,504.0,379.0,872.0,668.25
34,595.0,1279.0,593.0,828.0,523.0,743.0,520.0,518.0,900.0,618.0,654.0,487.0,522.0,792.0,443.0,925.0,668.0,493.0,371.0,883.0,667.75
35,597.0,1261.0,578.0,824.0,527.0,752.0,557.0,491.0,896.0,636.0,648.0,530.0,509.0,784.0,448.0,927.0,681.0,497.0,361.0,869.0,668.65
36,605.0,1244.0,575.0,839.0,503.0,727.0,553.0,484.0,882.0,650.0,648.0,551.0,522.0,792.0,440.0,919.0,681.0,493.0,361.0,878.0,667.35
37,604.0,1244.0,576.0,831.0,506.0,752.0,579.0,498.0,888.0,648.0,651.0,541.0,524.0,799.0,481.0,889.0,708.0,498.0,369.0,893.0,673.95
38,610.0,1230.0,572.0,827.0,518.0,774.0,576.0,514.0,874.0,650.0,676.0,558.0,546.0,801.0,469.0,884.0,733.0,506.0,366.0,910.0,679.7
39,593.0,1222.0,591.0,813.0,526.0,758.0,570.0,525.0,855.0,665.0,684.0,561.0,523.0,812.0,478.0,901.0,746.0,527.0,361.0,917.0,681.4
40,593.0,1230.0,587.0,799.0,544.0,759.0,580.0,527.0,853.0,669.0,691.0,559.0,524.0,811.0,469.0,899.0,742.0,523.0,372.0,928.0,682.95
41,596.0,1241.0,610.0,790.0,560.0,774.0,591.0,541.0,861.0,674.0,686.0,558.0,524.0,816.0,490.0,890.0,740.0,536.0,380.0,927.0,689.25
42,598.0,1198.0,595.0,779.0,567.0,771.0,590.0,556.0,860.0,681.0,676.0,564.0,509.0,823.0,483.0,892.0,753.0,544.0,385.0,928.0,687.6
43,604.0,1216.0,596.0,800.0,585.0,779.0,581.0,550.0,857.0,678.0,677.0,569.0,528.0,843.0,486.0,920.0,753.0,549.0,375.0,930.0,693.8
44,615.0,1198.0,611.0,824.0,590.0,756.0,597.0,538.0,838.0,687.0,676.0,586.0,521.0,826.0,498.0,911.0,759.0,543.0,370.0,923.0,693.35
45,626.0,1210.0,636.0,850.0,593.0,768.0,603.0,552.0,849.0,666.0,672.0,600.0,528.0,826.0,512.0,909.0,766.0,538.0,374.0,928.0,700.3
46,647.0,1219.0,640.0,844.0,621.0,768.0,605.0,574.0,864.0,671.0,672.0,609.0,516.0,823.0,525.0,919.0,763.0,542.0,374.0,932.0,706.4
47,640.0,1241.0,643.0,885.0,631.0,802.0,607.0,594.0,848.0,696.0,671.0,614.0,525.0,829.0,550.0,936.0,760.0,541.0,368.0,938.0,715.95
48,669.0,1224.0,651.0,893.0,639.0,795.0,635.0,608.0,845.0,695.0,669.0,613.0,543.0,823.0,559.0,934.0,773.0,534.0,376.0,945.0,721.15
49,677.0,1217.0,671.0,921.0,640.0,803.0,645.0,603.0,846.0,674.0,668.0,640.0,560.0,824.0,575.0,937.0,776.0,535.0,381.0,965.0,727.9
50,677.0,1209.0,704.0,929.0,646.0,784.0,678.0,601.0,857.0,670.0,663.0,652.0,562.0,832.0,587.0,935.0,787.0,539.0,381.0,985.0,733.9
51,675.0,1211.0,713.0,953.0,647.0,792.0,686.0,610.0,856.0,689.0,680.0,650.0,576.0,853.0,596.0,932.0,797.0,542.0,397.0,980.0,741.75
52,680.0,1222.0,711.0,944.0,642.0,792.0,710.0,609.0,852.0,686.0,706.0,669.0,582.0,832.0,608.0,940.0,801.0,540.0,405.0,973.0,745.2
53,688.0,1241.0,704.0,942.0,634.0,809.0,726.0,612.0,850.0,694.0,717.0,682.0,588.0,847.0,625.0,963.0,802.0,540.0,408.0,979.0,752.55
54,689.0,1242.0,720.0,944.0,647.0,793.0,739.0,616.0,889.0,695.0,713.0,695.0,581.0,866.0,640.0,958.0,798.0,558.0,424.0,990.0,759.85
55,690.0,1225.0,719.0,958.0,656.0,803.0,767.0,632.0,879.0,704.0,702.0,696.0,580.0,876.0,663.0,969.0,801.0,562.0,413.0,980.0,763.75
56,711.0,1223.0,731.0,970.0,667.0,811.0,756.0,662.0,895.0,701.0,696.0,723.0,584.0,876.0,674.0,973.0,806.0,570.0,428.0,988.0,772.25
57,697.0,1223.0,744.0,1002.0,665.0,827.0,754.0,655.0,882.0,689.0,704.0,734.0,582.0,881.0,693.0,963.0,799.0,571.0,442.0,978.0,774.25
58,694.0,1202.0,755.0,997.0,667.0,825.0,752.0,653.0,913.0,686.0,705.0,742.0,590.0,897.0,674.0,992.0,809.0,566.0,444.0,999.0,778.1
59,716.0,1209.0,779.0,996.0,685.0,818.0,751.0,637.0,929.0,700.0,714.0,766.0,598.0,897.0,652.0,992.0,816.0,571.0,469.0,1027.0,786.1
60,713.0,1206.0,760.0,990.0,678.0,819.0,731.0,646.0,940.0,692.0,713.0,768.0,601.0,922.0,663.0,988.0,828.0,565.0,477.0,1026.0,786.3
61,723.0,1229.0,763.0,1005.0,677.0,816.0,731.0,647.0,951.0,711.0,706.0,774.0,592.0,930.0,684.0,990.0,842.0,566.0,491.0,1029.0,792.85
62,730.0,1230.0,783.0,1019.0,692.0,828.0,748.0,664.0,954.0,727.0,704.0,797.0,586.0,939.0,691.0,979.0,844.0,562.0,507.0,1030.0,800.7
63,706.0,1220.0,821.0,1044.0,714.0,822.0,766.0,666.0,950.0,731.0,685.0,811.0,613.0,935.0,688.0,995.0,853.0,564.0,490.0,1036.0,805.5
64,710.0,1211.0,838.0,1027.0,714.0,822.0,781.0,668.0,944.0,723.0,712.0,818.0,616.0,919.0,675.0,1022.0,850.0,572.0,535.0,1042.0,809.95
65,711.0,1221.0,837.0,1037.0,721.0,816.0,776.0,721.0,941.0,722.0,725.0,803.0,628.0,918.0,687.0,1032.0,854.0,571.0,543.0,1052.0,815.8
66,730.0,1208.0,841.0,1025.0,737.0,822.0,785.0,728.0,968.0,746.0,726.0,841.0,651.0,927.0,710.0,1036.0,866.0,574.0,556.0,1064.0,827.05
67,758.0,1191.0,834.0,1060.0,736.0,833.0,785.0,738.0,960.0,730.0,748.0,849.0,664.0,937.0,715.0,1037.0,870.0,584.0,569.0,1075.0,833.65
68,773.0,1206.0,857.0,1058.0,745.0,836.0,769.0,732.0,950.0,755.0,753.0,856.0,676.0,936.0,723.0,1058.0,876.0,579.0,567.0,1088.0,839.65
69,755.0,1209.0,847.0,1065.0,769.0,858.0,774.0,727.0,952.0,773.0,764.0,848.0,677.0,963.0,728.0,1068.0,868.0,588.0,559.0,1067.0,842.95
70,766.0,1217.0,858.0,1081.0,765.0,856.0,781.0,716.0,966.0,792.0,778.0,831.0,683.0,953.0,737.0,1061.0,890.0,605.0,592.0,1085.0,850.65
71,770.0,1237.0,864.0,1095.0,762.0,865.0,774.0,727.0,961.0,795.0,787.0,831.0,715.0,956.0,753.0,1069.0,894.0,600.0,616.0,1088.0,857.95
72,793.0,1248.0,868.0,1095.0,783.0,879.0,800.0,739.0,952.0,825.0,782.0,853.0,720.0,959.0,739.0,1075.0,891.0,605.0,629.0,1105.0,867.0
73,785.0,1249.0,905.0,1100.0,796.0,888.0,790.0,734.0,955.0,830.0,792.0,885.0,746.0,957.0,751.0,1077.0,892.0,630.0,657.0,1107.0,876.3
74,772.0,1256.0,916.0,1095.0,830.0,902.0,798.0,735.0,980.0,850.0,791.0,880.0,755.0,995.0,766.0,1062.0,893.0,631.0,669.0,1105.0,884.05
75,778.0,1257.0,905.0,1112.0,849.0,896.0,807.0,757.0,986.0,837.0,795.0,890.0,757.0,996.0,764.0,1034.0,899.0,634.0,648.0,1107.0,885.4
76,781.0,1264.0,902.0,1116.0,846.0,884.0,823.0,762.0,1004.0,838.0,797.0,897.0,763.0,1011.0,775.0,1048.0,898.0,646.0,667.0,1116.0,891.9
77,798.0,1264.0,896.0,1113.0,861.0,876.0,828.0,764.0,1001.0,860.0,798.0,895.0,766.0,1030.0,773.0,1039.0,882.0,662.0,672.0,1117.0,894.75
78,783.0,1271.0,878.0,1099.0,882.0,899.0,833.0,790.0,998.0,842.0,810.0,895.0,777.0,1033.0,782.0,1060.0,898.0,649.0,682.0,1121.0,899.1
79,786.0,1280.0,898.0,1100.0,906.0,896.0,830.0,773.0,997.0,820.0,813.0,903.0,780.0,1048.0,770.0,1070.0,899.0,643.0,683.0,1131.0,901.3
80,794.0,1282.0,919.0,1113.0,912.0,913.0,814.0,772.0,1009.0,836.0,826.0,908.0,780.0,1069.0,780.0,1093.0,894.0,640.0,701.0,1139.0,909.7
81,811.0,1288.0,919.0,1127.0,904.0,927.0,832.0,774.0,1007.0,852.0,842.0,918.0,784.0,1062.0,799.0,1080.0,890.0,650.0,701.0,1138.0,915.25
82,823.0,1284.0,949.0,1133.0,894.0,936.0,819.0,787.0,1021.0,889.0,848.0,921.0,798.0,1057.0,828.0,1102.0,875.0,650.0,695.0,1138.0,922.35
83,839.0,1313.0,959.0,1133.0,914.0,915.0,812.0,786.0,1018.0,868.0,851.0,939.0,806.0,1049.0,850.0,1106.0,882.0,644.0,691.0,1132.0,925.35
84,827.0,1315.0,950.0,1131.0,917.0,925.0,809.0,818.0,1044.0,876.0,857.0,941.0,815.0,1069.0,867.0,1112.0,879.0,658.0,731.0,1148.0,934.45
85,833.0,1335.0,934.0,1132.0,949.0,938.0,816.0,816.0,1042.0,866.0,862.0,942.0,835.0,1070.0,873.0,1092.0,900.0,662.0,723.0,1146.0,938.3
86,825.0,1319.0,956.0,1140.0,965.0,937.0,829.0,839.0,1034.0,884.0,869.0,967.0,845.0,1088.0,879.0,1089.0,919.0,663.0,716.0,1137.0,945.0
87,826.0,1320.0,974.0,1117.0,960.0,950.0,823.0,848.0,1039.0,894.0,865.0,978.0,850.0,1087.0,883.0,1081.0,919.0,689.0,724.0,1164.0,949.55
88,827.0,1317.0,995.0,1108.0,975.0,952.0,843.0,861.0,1052.0,923.0,867.0,980.0,854.0,1097.0,884.0,1086.0,906.0,703.0,752.0,1173.0,957.75
89,838.0,1312.0,1002.0,1123.0,971.0,962.0,845.0,875.0,1058.0,946.0,878.0,997.0,856.0,1086.0,902.0,1095.0,914.0,706.0,738.0,1159.0,963.15
90,844.0,1317.0,1010.0,1132.0,994.0,961.0,864.0,904.0,1069.0,951.0,895.0,1008.0,852.0,1088.0,902.0,1090.0,944.0,708.0,735.0,1149.0,970.85
91,852.0,1327.0,1040.0,1134.0,997.0,969.0,869.0,898.0,1057.0,954.0,896.0,1015.0,862.0,1098.0,910.0,1088.0,966.0,710.0,742.0,1155.0,976.95
92,837.0,1294.0,1025.0,1142.0,1008.0,997.0,872.0,894.0,1058.0,954.0,919.0,1008.0,860.0,1100.0,918.0,1096.0,977.0,718.0,733.0,1168.0,978.9
93,838.0,1288.0,1045.0,1151.0,1007.0,988.0,889.0,930.0,1070.0,956.0,920.0,1020.0,862.0,1120.0,929.0,1118.0,999.0,711.0,734.0,1160.0,986.75
94,856.0,1301.0,1047.0,1150.0,1032.0,990.0,886.0,935.0,1083.0,943.0,922.0,1041.0,873.0,1110.0,936.0,1139.0,1012.0,707.0,748.0,1166.0,993.85
95,851.0,1309.0,1031.0,1171.0,1042.0,1004.0,898.0,926.0,1070.0,944.0,944.0,1040.0,863.0,1117.0,936.0,1139.0,1007.0,721.0,760.0,1167.0,997.0
96,872.0,1306.0,1044.0,1183.0,1062.0,1007.0,907.0,920.0,1078.0,936.0,980.0,1044.0,861.0,1122.0,935.0,1124.0,1007.0,695.0,759.0,1175.0,1000.85
97,864.0,1309.0,1053.0,1212.0,1013.0,1032.0,925.0,940.0,1072.0,947.0,975.0,1051.0,877.0,1118.0,921.0,1109.0,1002.0,694.0,740.0,1177.0,1001.55
98,877.0,1306.0,1050.0,1207.0,1005.0,1025.0,932.0,938.0,1073.0,951.0,964.0,1050.0,895.0,1126.0,915.0,1107.0,1035.0,689.0,776.0,1175.0,1004.8
99,879.0,1314.0,1060.0,1215.0,997.0,1045.0,948.0,942.0,1057.0,959.0,969.0,1060.0,894.0,1126.0,940.0,1096.0,1044.0,692.0,786.0,1198.0,1011.05
100,878.0,1319.0,1064.0,1216.0,997.0,1045.0,925.0,945.0,1061.0,967.0,982.0,1097.0,904.0,1124.0,948.0,1103.0,1051.0,691.0,790.0,1204.0,1015.55
101,894.0,1315.0,1069.0,1220.0,1017.0,1031.0,952.0,953.0,1073.0,965.0,,,,,,,,,,,1048.9
102,904.0,1325.0,1066.0,1208.0,1033.0,1023.0,971.0,968.0,1081.0,952.0,,,,,,,,,,,1053.1
103,931.0,1329.0,1075.0,1218.0,1036.0,1053.0,972.0,979.0,1109.0,946.0,,,,,,,,,,,1064.8
104,956.0,1336.0,1071.0,1203.0,1035.0,1060.0,961.0,985.0,1106.0,961.0,,,,,,,,,,,1067.4
105,966.0,1336.0,1089.0,1209.0,1026.0,1065.0,977.0,985.0,1082.0,941.0,,,,,,,,,,,1067.6
106,954.0,1326.0,1102.0,1206.0,1031.0,1062.0,977.0,1020.0,1080.0,942.0,,,,,,,,,,,1070.0
107,974.0,1339.0,1112.0,1205.0,1048.0,1062.0,961.0,1038.0,1091.0,960.0,,,,,,,,,,,1079.0
108,978.0,1321.0,1113.0,1186.0,1057.0,1050.0,958.0,1044.0,1098.0,932.0,,,,,,,,,,,1073.7
109,976.0,1347.0,1123.0,1196.0,1059.0,1072.0,954.0,1055.0,1107.0,929.0,,,,,,,,,,,1081.8
110,983.0,1348.0,1132.0,1182.0,1089.0,1072.0,978.0,1061.0,1107.0,936.0,,,,,,,,,,,1088.8
111,996.0,1368.0,1131.0,1210.0,1107.0,1087.0,968.0,1086.0,1107.0,959.0,,,,,,,,,,,1101.9
112,1015.0,1360.0,1149.0,1204.0,1086.0,1091.0,980.0,1064.0,1106.0,958.0,,,,,,,,,,,1101.3
113,1041.0,1364.0,1156.0,1197.0,1095.0,1084.0,975.0,1050.0,1109.0,993.0,,,,,,,,,,,1106.4
114,1044.0,1366.0,1160.0,1197.0,1097.0,1097.0,986.0,1052.0,1115.0,1004.0,,,,,,,,,,,1111.8
115,1017.0,1357.0,1156.0,1239.0,1102.0,1115.0,976.0,1075.0,1112.0,1000.0,,,,,,,,,,,1114.9
116,1023.0,1354.0,1142.0,1255.0,1103.0,1110.0,987.0,1106.0,1103.0,988.0,,,,,,,,,,,1117.1
117,1039.0,1363.0,1142.0,1264.0,1084.0,1126.0,971.0,1127.0,1102.0,1001.0,,,,,,,,,,,1121.9
118,1037.0,1347.0,1150.0,1265.0,1096.0,1142.0,966.0,1149.0,1109.0,1013.0,,,,,,,,,,,1127.4
119,1051.0,1339.0,1159.0,1279.0,1090.0,1147.0,983.0,1165.0,1129.0,1002.0,,,,,,,,,,,1134.4
120,1056.0,1348.0,1188.0,1262.0,1071.0,1152.0,984.0,1144.0,1145.0,1025.0,,,,,,,,,,,1137.5
121,1067.0,1333.0,1197.0,1266.0,1061.0,1140.0,993.0,1136.0,1141.0,1033.0,,,,,,,,,,,1136.7
122,1064.0,1357.0,1199.0,1263.0,1056.0,1149.0,1005.0,1134.0,1134.0,1016.0,,,,,,,,,,,1137.7
123,1053.0,1344.0,1197.0,1258.0,1035.0,1164.0,1023.0,1137.0,1146.0,1056.0,,,,,,,,,,,1141.3
124,1056.0,1347.0,1205.0,1270.0,1036.0,1176.0,1017.0,1134.0,1149.0,1037.0,,,,,,,,,,,1142.7
125,1076.0,1344.0,1170.0,1299.0,1030.0,1184.0,1031.0,1155.0,1149.0,1066.0,,,,,,,,,,,1150.4
126,1091.0,1348.0,1178.0,1305.0,1054.0,1188.0,1021.0,1138.0,1133.0,1060.0,,,,,,,,,,,1151.6
127,1088.0,1338.0,1167.0,1334.0,1076.0,1187.0,1029.0,1131.0,1139.0,1043.0,,,,,,,,,,,1153.2
128,1090.0,1351.0,1180.0,1334.0,1089.0,1195.0,1029.0,1146.0,1152.0,1051.0,,,,,,,,,,,1161.7
129,1110.0,1370.0,1195.0,1319.0,1096.0,1208.0,1053.0,1165.0,1143.0,1056.0,,,,,,,,,,,1171.5
130,1112.0,1359.0,1193.0,1306.0,1083.0,1217.0,1058.0,1172.0,1143.0,1041.0,,,,,,,,,,,1168.4
131,1106.0,1383.0,1194.0,1314.0,1099.0,1205.0,1039.0,1171.0,1147.0,1038.0,,,,,,,,,,,1169.6
132,1129.0,1387.0,1174.0,1316.0,1095.0,1223.0,1037.0,1147.0,1136.0,1032.0,,,,,,,,,,,1167.6
133,1120.0,1379.0,1192.0,1291.0,1089.0,1255.0,1036.0,1148.0,1128.0,1049.0,,,,,,,,,,,1168.7
134,1131.0,1374.0,1188.0,1308.0,1080.0,1238.0,1050.0,1138.0,1134.0,1052.0,,,,,,,,,,,1169.3
135,1121.0,1367.0,1190.0,1316.0,1096.0,1242.0,1040.0,1144.0,1162.0,1058.0,,,,,,,,,,,1173.6
136,1129.0,1372.0,1191.0,1333.0,1090.0,1261.0,1051.0,1163.0,1159.0,1060.0,,,,,,,,,,,1180.9
137,1126.0,1377.0,1219.0,1348.0,1098.0,1270.0,1055.0,1148.0,1162.0,1086.0,,,,,,,,,,,1188.9
138,1105.0,1382.0,1219.0,1325.0,1096.0,1244.0,1073.0,1150.0,1151.0,1082.0,,,,,,,,,,,1182.7
139,1119.0,1396.0,1224.0,1334.0,1076.0,1250.0,1071.0,1150.0,1143.0,1080.0,,,,,,,,,,,1184.3
140,1128.0,1404.0,1233.0,1341.0,1092.0,1276.0,1074.0,1158.0,1146.0,1099.0,,,,,,,,,,,1195.1
141,1161.0,1410.0,1250.0,1333.0,1094.0,1289.0,1077.0,1186.0,1152.0,1105.0,,,,,,,,,,,1205.7
142,1177.0,1424.0,1260.0,1352.0,1089.0,1298.0,1088.0,1187.0,1146.0,1121.0,,,,,,,,,,,1214.2
143,1196.0,1430.0,1251.0,1366.0,1119.0,1286.0,1105.0,1186.0,1153.0,1137.0,,,,,,,,,,,1222.9
144,1180.0,1424.0,1254.0,1385.0,1128.0,1284.0,1104.0,1193.0,1172.0,1127.0,,,,,,,,,,,1225.1
145,1186.0,1423.0,1262.0,1377.0,1143.0,1287.0,1096.0,1184.0,1182.0,1127.0,,,,,,,,,,,1226.7
146,1220.0,1429.0,1259.0,1382.0,1144.0,1294.0,1095.0,1163.0,1183.0,1131.0,,,,,,,,,,,1230.0
147,1229.0,1418.0,1263.0,1402.0,1154.0,1296.0,1093.0,1173.0,1163.0,1147.0,,,,,,,,,,,1233.8
148,1231.0,1435.0,1283.0,1386.0,1154.0,1302.0,1079.0,1160.0,1166.0,1140.0,,,,,,,,,,,1233.6
149,1221.0,1441.0,1279.0,1393.0,1146.0,1296.0,1071.0,1186.0,1171.0,1132.0,,,,,,,,,,,1233.6
150,1218.0,1446.0,1288.0,1381.0,1160.0,1295.0,1077.0,1212.0,1183.0,1132.0,,,,,,,,,,,1239.2
151,1215.0,1458.0,1294.0,1378.0,1177.0,1325.0,1076.0,1215.0,1175.0,1152.0,,,,,,,,,,,1246.5
152,1206.0,1438.0,1293.0,1375.0,1189.0,1313.0,1083.0,1226.0,1177.0,1155.0,,,,,,,,,,,1245.5
153,1242.0,1429.0,1295.0,1415.0,1191.0,1312.0,1085.0,1204.0,1184.0,1175.0,,,,,,,,,,,1253.2
154,1245.0,1446.0,1311.0,1415.0,1173.0,1320.0,1106.0,1210.0,1193.0,1176.0,,,,,,,,,,,1259.5
155,1224.0,1460.0,1292.0,1419.0,1175.0,1310.0,1092.0,1220.0,1183.0,1189.0,,,,,,,,,,,1256.4
156,1222.0,1468.0,1302.0,1418.0,1179.0,1328.0,1094.0,1220.0,1186.0,1182.0,,,,,,,,,,,1259.9
157,1220.0,1466.0,1316.0,1409.0,1190.0,1329.0,1092.0,1229.0,1195.0,1192.0,,,,,,,,,,,1263.8
158,1218.0,1457.0,1305.0,1401.0,1212.0,1331.0,1100.0,1228.0,1184.0,1181.0,,,,,,,,,,,1261.7
159,1216.0,1442.0,1314.0,1406.0,1221.0,1341.0,1102.0,1232.0,1201.0,1185.0,,,,,,,,,,,1266.0
160,1235.0,1460.0,1304.0,1408.0,1207.0,1345.0,1121.0,1220.0,1200.0,1194.0,,,,,,,,,,,1269.4
161,1240.0,1451.0,1314.0,1409.0,1200.0,1359.0,1131.0,1219.0,1208.0,1210.0,,,,,,,,,,,1274.1
162,1257.0,1453.0,1323.0,1400.0,1188.0,1345.0,1155.0,1238.0,1218.0,1200.0,,,,,,,,,,,1277.7
163,1246.0,1452.0,1321.0,1400.0,1178.0,1349.0,1144.0,1235.0,1234.0,1225.0,,,,,,,,,,,1278.4
164,1261.0,1464.0,1316.0,1420.0,1196.0,1367.0,1129.0,1248.0,1249.0,1230.0,,,,,,,,,,,1288.0
165,1260.0,1483.0,1327.0,1400.0,1191.0,1368.0,1110.0,1255.0,1231.0,1229.0,,,,,,,,,,,1285.4
166,1287.0,1464.0,1330.0,1397.0,1191.0,1370.0,1125.0,1247.0,1225.0,1222.0,,,,,,,,,,,1285.8
167,1300.0,1468.0,1303.0,1404.0,1197.0,1388.0,1120.0,1249.0,1222.0,1226.0,,,,,,,,,,,1287.7
168,1303.0,1479.0,1316.0,1392.0,1204.0,1393.0,1135.0,1253.0,1222.0,1223.0,,,,,,,,,,,1292.0
169,1273.0,1484.0,1308.0,1403.0,1193.0,1376.0,1130.0,1253.0,1243.0,1251.0,,,,,,,,,,,1291.4
170,1256.0,1482.0,1311.0,1396.0,1221.0,1366.0,1134.0,1251.0,1237.0,1234.0,,,,,,,,,,,1288.8
171,1246.0,1470.0,1311.0,1406.0,1203.0,1378.0,1137.0,1263.0,1231.0,1229.0,,,,,,,,,,,1287.4
172,1251.0,1465.0,1317.0,1399.0,1204.0,1378.0,1143.0,1269.0,1238.0,1227.0,,,,,,,,,,,1289.1
173,1231.0,1462.0,1322.0,1396.0,1200.0,1389.0,1133.0,1275.0,1228.0,1219.0,,,,,,,,,,,1285.5
174,1260.0,1482.0,1324.0,1422.0,1200.0,1399.0,1131.0,1267.0,1229.0,1209.0,,,,,,,,,,,1292.3
175,1259.0,1483.0,1322.0,1423.0,1209.0,1396.0,1136.0,1274.0,1235.0,1199.0,,,,,,,,,,,1293.6
176,1282.0,1478.0,1353.0,1430.0,1215.0,1384.0,1141.0,1279.0,1240.0,1231.0,,,,,,,,,,,1303.3
177,1299.0,1471.0,1327.0,1434.0,1206.0,1406.0,1142.0,1289.0,1241.0,1247.0,,,,,,,,,,,1306.2
178,1309.0,1459.0,1331.0,1433.0,1214.0,1420.0,1168.0,1287.0,1235.0,1231.0,,,,,,,,,,,1308.7
179,1302.0,1469.0,1304.0,1443.0,1218.0,1390.0,1159.0,1287.0,1226.0,1254.0,,,,,,,,,,,1305.2
180,1295.0,1473.0,1312.0,1439.0,1234.0,1386.0,1184.0,1294.0,1224.0,1240.0,,,,,,,,,,,1308.1
181,1312.0,1470.0,1309.0,1484.0,1247.0,1396.0,1168.0,1284.0,1245.0,1240.0,,,,,,,,,,,1315.5
182,1307.0,1470.0,1304.0,1476.0,1250.0,1405.0,1175.0,1294.0,1235.0,1211.0,,,,,,,,,,,1312.7
183,1317.0,1469.0,1296.0,1446.0,1270.0,1393.0,1180.0,1301.0,1237.0,1226.0,,,,,,,,,,,1313.5
184,1298.0,1465.0,1311.0,1460.0,1258.0,1384.0,1192.0,1289.0,1218.0,1226.0,,,,,,,,,,,1310.1
185,1310.0,1478.0,1313.0,1448.0,1260.0,1413.0,1184.0,1288.0,1230.0,1224.0,,,,,,,,,,,1314.8
186,1299.0,1500.0,1308.0,1451.0,1253.0,1420.0,1184.0,1287.0,1227.0,1219.0,,,,,,,,,,,1314.8
187,1304.0,1492.0,1301.0,1456.0,1245.0,1422.0,1195.0,1289.0,1227.0,1222.0,,,,,,,,,,,1315.3
188,1310.0,1498.0,1308.0,1419.0,1259.0,1462.0,1181.0,1288.0,1224.0,1218.0,,,,,,,,,,,1316.7
189,1304.0,1508.0,1293.0,1425.0,1256.0,1472.0,1167.0,1277.0,1235.0,1214.0,,,,,,,,,,,1315.1
190,1303.0,1504.0,1295.0,1439.0,1269.0,1461.0,1186.0,1289.0,1246.0,1213.0,,,,,,,,,,,1320.5
191,1335.0,1502.0,1302.0,1460.0,1251.0,1455.0,1181.0,1275.0,1232.0,1196.0,,,,,,,,,,,1318.9
192,1327.0,1489.0,1297.0,1479.0,1257.0,1439.0,1188.0,1279.0,1244.0,1185.0,,,,,,,,,,,1318.4
193,1335.0,1494.0,1292.0,1456.0,1246.0,1453.0,1188.0,1293.0,1243.0,1173.0,,,,,,,,,,,1317.3
194,1336.0,1483.0,1298.0,1465.0,1266.0,1461.0,1209.0,1307.0,1237.0,1180.0,,,,,,,,,,,1324.2
195,1352.0,1490.0,1292.0,1441.0,1260.0,1458.0,1202.0,1304.0,1244.0,1202.0,,,,,,,,,,,1324.5
196,1354.0,1505.0,1286.0,1449.0,1254.0,1446.0,1205.0,1316.0,1237.0,1215.0,,,,,,,,,,,1326.7
197,1337.0,1510.0,1292.0,1422.0,1268.0,1453.0,1195.0,1325.0,1237.0,1209.0,,,,,,,,,,,1324.8
198,1350.0,1501.0,1289.0,1443.0,1279.0,1436.0,1209.0,1314.0,1261.0,1220.0,,,,,,,,,,,1330.2
199,1353.0,1494.0,1290.0,1441.0,1280.0,1453.0,1226.0,1315.0,1271.0,1225.0,,,,,,,,,,,1334.8
200,1365.0,1482.0,1283.0,1429.0,1295.0,1450.0,1242.0,1332.0,1280.0,1236.0,,,,,,,,,,,1339.4
201,1362.0,1509.0,1294.0,1425.0,1292.0,1484.0,1224.0,1350.0,1278.0,1227.0,,,,,,,,,,,1344.5
202,1384.0,1506.0,1299.0,1436.0,1279.0,1476.0,1212.0,1356.0,1277.0,1228.0,,,,,,,,,,,1345.3
203,1397.0,1513.0,1306.0,1448.0,1282.0,1475.0,1213.0,1357.0,1245.0,1205.0,,,,,,,,,,,1344.1
204,1400.0,1514.0,1315.0,1432.0,1260.0,1463.0,1212.0,1373.0,1240.0,1210.0,,,,,,,,,,,1341.9
205,1379.0,1520.0,1303.0,1475.0,1271.0,1466.0,1214.0,1368.0,1250.0,1213.0,,,,,,,,,,,1345.9
206,1394.0,1517.0,1305.0,1469.0,1259.0,1468.0,1213.0,1380.0,1247.0,1200.0,,,,,,,,,,,1345.2
207,1407.0,1524.0,1309.0,1490.0,1262.0,1477.0,1225.0,1376.0,1250.0,1203.0,,,,,,,,,,,1352.3
208,1400.0,1549.0,1325.0,1492.0,1280.0,1483.0,1235.0,1365.0,1256.0,1197.0,,,,,,,,,,,1358.2
209,1388.0,1531.0,1327.0,1467.0,1291.0,1468.0,1229.0,1376.0,1249.0,1215.0,,,,,,,,,,,1354.1
210,1394.0,1529.0,1329.0,1475.0,1309.0,1469.0,1230.0,1383.0,1260.0,1225.0,,,,,,,,,,,1360.3
211,1373.0,1510.0,1306.0,1477.0,1310.0,1441.0,1226.0,1378.0,1265.0,1218.0,,,,,,,,,,,1350.4
212,1388.0,1510.0,1304.0,1473.0,1313.0,1445.0,1253.0,1375.0,1256.0,1234.0,,,,,,,,,,,1355.1
213,1362.0,1517.0,1290.0,1451.0,1319.0,1443.0,1248.0,1383.0,1253.0,1244.0,,,,,,,,,,,1351.0
214,1358.0,1525.0,1314.0,1461.0,1348.0,1454.0,1241.0,1397.0,1273.0,1233.0,,,,,,,,,,,1360.4
215,1368.0,1533.0,1313.0,1489.0,1321.0,1454.0,1264.0,1396.0,1278.0,1229.0,,,,,,,,,,,1364.5
216,1396.0,1530.0,1326.0,1492.0,1350.0,1462.0,1266.0,1410.0,1277.0,1257.0,,,,,,,,,,,1376.6
217,1407.0,1529.0,1312.0,1500.0,1360.0,1465.0,1285.0,1394.0,1286.0,1255.0,,,,,,,,,,,1379.3
218,1381.0,1517.0,1292.0,1480.0,1378.0,1489.0,1287.0,1395.0,1289.0,1261.0,,,,,,,,,,,1376.9
219,1384.0,1553.0,1301.0,1495.0,1382.0,1474.0,1296.0,1385.0,1305.0,1250.0,,,,,,,,,,,1382.5
220,1391.0,1553.0,1304.0,1516.0,1347.0,1468.0,1303.0,1388.0,1306.0,1234.0,,,,,,,,,,,1381.0
221,1402.0,1537.0,1307.0,1510.0,1338.0,1476.0,1298.0,1380.0,1282.0,1240.0,,,,,,,,,,,1377.0
222,1398.0,1526.0,1319.0,1502.0,1338.0,1506.0,1321.0,1383.0,1290.0,1242.0,,,,,,,,,,,1382.5
223,1406.0,1534.0,1324.0,1512.0,1325.0,1496.0,1314.0,1392.0,1272.0,1251.0,,,,,,,,,,,1382.6
224,1443.0,1517.0,1339.0,1514.0,1328.0,1488.0,1322.0,1393.0,1286.0,1234.0,,,,,,,,,,,1386.4
225,1459.0,1514.0,1334.0,1498.0,1337.0,1473.0,1346.0,1380.0,1315.0,1232.0,,,,,,,,,,,1388.8
226,1450.0,1510.0,1326.0,1504.0,1331.0,1477.0,1334.0,1381.0,1298.0,1229.0,,,,,,,,,,,1384.0
227,1461.0,1525.0,1322.0,1508.0,1363.0,1479.0,1330.0,1369.0,1289.0,1219.0,,,,,,,,,,,1386.5
228,1442.0,1554.0,1322.0,1504.0,1356.0,1482.0,1325.0,1365.0,1298.0,1244.0,,,,,,,,,,,1389.2
229,1447.0,1554.0,1334.0,1512.0,1364.0,1476.0,1327.0,1365.0,1293.0,1237.0,,,,,,,,,,,1390.9
230,1436.0,1545.0,1334.0,1535.0,1369.0,1481.0,1323.0,1353.0,1302.0,1221.0,,,,,,,,,,,1389.9
231,1423.0,1553.0,1343.0,1524.0,1384.0,1474.0,1320.0,1356.0,1298.0,1214.0,,,,,,,,,,,1388.9
232,1409.0,1535.0,1366.0,1518.0,1380.0,1496.0,1328.0,1370.0,1313.0,1221.0,,,,,,,,,,,1393.6
233,1415.0,1526.0,1355.0,1532.0,1375.0,1487.0,1330.0,1372.0,1330.0,1225.0,,,,,,,,,,,1394.7
234,1433.0,1537.0,1371.0,1538.0,1395.0,1483.0,1337.0,1388.0,1330.0,1247.0,,,,,,,,,,,1405.9
235,1443.0,1533.0,1360.0,1532.0,1401.0,1476.0,1336.0,1401.0,1320.0,1243.0,,,,,,,,,,,1404.5
236,1431.0,1529.0,1368.0,1529.0,1399.0,1499.0,1304.0,1405.0,1327.0,1267.0,,,,,,,,,,,1405.8
237,1403.0,1527.0,1357.0,1532.0,1408.0,1520.0,1303.0,1419.0,1332.0,1288.0,,,,,,,,,,,1408.9
238,1411.0,1551.0,1341.0,1514.0,1418.0,1507.0,1338.0,1431.0,1320.0,1298.0,,,,,,,,,,,1412.9
239,1382.0,1550.0,1368.0,1514.0,1431.0,1499.0,1336.0,1425.0,1322.0,1278.0,,,,,,,,,,,1410.5
240,1410.0,1531.0,1337.0,1501.0,1397.0,1500.0,1337.0,1431.0,1315.0,1296.0,,,,,,,,,,,1405.5
241,1419.0,1520.0,1371.0,1544.0,1419.0,1495.0,1354.0,1430.0,1305.0,1283.0,,,,,,,,,,,1414.0
242,1429.0,1526.0,1370.0,1576.0,1428.0,1514.0,1353.0,1429.0,1321.0,1275.0,,,,,,,,,,,1422.1
243,1441.0,1518.0,1370.0,1562.0,1411.0,1517.0,1341.0,1427.0,1336.0,1272.0,,,,,,,,,,,1419.5
244,1423.0,1523.0,1386.0,1545.0,1406.0,1495.0,1347.0,1425.0,1330.0,1271.0,,,,,,,,,,,1415.1
245,1412.0,1511.0,1393.0,1546.0,1413.0,1492.0,1344.0,1455.0,1325.0,1266.0,,,,,,,,,,,1415.7
246,1438.0,1506.0,1393.0,1556.0,1426.0,1503.0,1347.0,1465.0,1334.0,1264.0,,,,,,,,,,,1423.2
247,1438.0,1521.0,1378.0,1553.0,1443.0,1502.0,1370.0,1465.0,1358.0,1264.0,,,,,,,,,,,1429.2
248,1432.0,1526.0,1371.0,1536.0,1440.0,1521.0,1376.0,1460.0,1362.0,1286.0,,,,,,,,,,,1431.0
249,1438.0,1523.0,1376.0,1542.0,1426.0,1529.0,1377.0,1481.0,1337.0,1278.0,,,,,,,,,,,1430.7
250,1419.0,1517.0,1394.0,1533.0,1395.0,1512.0,1379.0,1483.0,1343.0,1276.0,,,,,,,,,,,1425.1
251,1428.0,1522.0,1406.0,1546.0,1396.0,1522.0,1364.0,1506.0,1342.0,1284.0,,,,,,,,,,,1431.6
252,1428.0,1524.0,1397.0,1532.0,1404.0,1491.0,1371.0,1512.0,1339.0,1303.0,,,,,,,,,,,1430.1
253,1435.0,1508.0,1399.0,1536.0,1418.0,1494.0,1363.0,1500.0,1336.0,1293.0,,,,,,,,,,,1428.2
254,1436.0,1517.0,1388.0,1515.0,1414.0,1506.0,1343.0,1483.0,1353.0,1302.0,,,,,,,,,,,1425.7
255,1441.0,1509.0,1396.0,1505.0,1416.0,1528.0,1356.0,1483.0,1345.0,1299.0,,,,,,,,,,,1427.8
256,1450.0,1511.0,1406.0,1523.0,1421.0,1538.0,1350.0,1512.0,1349.0,1300.0,,,,,,,,,,,1436.0
257,1469.0,1510.0,1420.0,1519.0,1406.0,1559.0,1339.0,1525.0,1350.0,1296.0,,,,,,,,,,,1439.3
258,1449.0,1511.0,1427.0,1525.0,1420.0,1567.0,1325.0,1520.0,1353.0,1287.0,,,,,,,,,,,1438.4
259,1460.0,1532.0,1413.0,1532.0,1420.0,1539.0,1329.0,1509.0,1352.0,1302.0,,,,,,,,,,,1438.8
260,1436.0,1530.0,1421.0,1518.0,1411.0,1547.0,1334.0,1528.0,1349.0,1326.0,,,,,,,,,,,1440.0
261,1449.0,1513.0,1406.0,1519.0,1409.0,1530.0,1349.0,1538.0,1354.0,1320.0,,,,,,,,,,,1438.7
262,1461.0,1519.0,1405.0,1534.0,1418.0,1532.0,1340.0,1550.0,1370.0,1339.0,,,,,,,,,,,1446.8
263,1465.0,1528.0,1393.0,1546.0,1416.0,1538.0,1339.0,1552.0,1357.0,1338.0,,,,,,,,,,,1447.2
264,1462.0,1523.0,1388.0,1550.0,1407.0,1531.0,1334.0,1551.0,1360.0,1363.0,,,,,,,,,,,1446.9
265,1451.0,1533.0,1396.0,1552.0,1440.0,1547.0,1346.0,1537.0,1338.0,1371.0,,,,,,,,,,,1451.1
266,1456.0,1538.0,1383.0,1557.0,1437.0,1541.0,1329.0,1534.0,1342.0,1350.0,,,,,,,,,,,1446.7
267,1456.0,1539.0,1411.0,1550.0,1425.0,1526.0,1354.0,1543.0,1356.0,1329.0,,,,,,,,,,,1448.9
268,1438.0,1538.0,1392.0,1543.0,1431.0,1544.0,1325.0,1555.0,1366.0,1341.0,,,,,,,,,,,1447.3
269,1460.0,1532.0,1391.0,1543.0,1424.0,1560.0,1333.0,1550.0,1379.0,1334.0,,,,,,,,,,,1450.6
270,1459.0,1534.0,1397.0,1555.0,1420.0,1556.0,1342.0,1544.0,1375.0,1323.0,,,,,,,,,,,1450.5
271,1472.0,1525.0,1406.0,1565.0,1418.0,1581.0,1354.0,1549.0,1379.0,1315.0,,,,,,,,,,,1456.4
272,1488.0,1522.0,1404.0,1544.0,1393.0,1578.0,1371.0,1546.0,1377.0,1321.0,,,,,,,,,,,1454.4
273,1470.0,1523.0,1386.0,1533.0,1388.0,1580.0,1345.0,1536.0,1377.0,1313.0,,,,,,,,,,,1445.1
274,1450.0,1527.0,1401.0,1543.0,1392.0,1569.0,1330.0,1535.0,1371.0,1318.0,,,,,,,,,,,1443.6
275,1459.0,1538.0,1426.0,1574.0,1379.0,1559.0,1324.0,1558.0,1357.0,1310.0,,,,,,,,,,,1448.4
276,1469.0,1528.0,1418.0,1595.0,1380.0,1529.0,1325.0,1546.0,1357.0,1344.0,,,,,,,,,,,1449.1
277,1466.0,1536.0,1407.0,1601.0,1379.0,1529.0,1343.0,1550.0,1338.0,1337.0,,,,,,,,,,,1448.6
278,1480.0,1527.0,1399.0,1601.0,1379.0,1529.0,1333.0,1573.0,1348.0,1340.0,,,,,,,,,,,1450.9
279,1502.0,1544.0,1408.0,1602.0,1393.0,1543.0,1338.0,1599.0,1353.0,1336.0,,,,,,,,,,,1461.8
280,1502.0,1549.0,1426.0,1605.0,1419.0,1559.0,1366.0,1569.0,1349.0,1365.0,,,,,,,,,,,1470.9
281,1496.0,1534.0,1429.0,1570.0,1438.0,1555.0,1360.0,1560.0,1354.0,1363.0,,,,,,,,,,,1465.9
282,1509.0,1547.0,1430.0,1557.0,1435.0,1578.0,1361.0,1547.0,1348.0,1378.0,,,,,,,,,,,1469.0
283,1506.0,1554.0,1423.0,1570.0,1433.0,1564.0,1363.0,1543.0,1325.0,1391.0,,,,,,,,,,,1467.2
284,1511.0,1554.0,1429.0,1563.0,1429.0,1545.0,1360.0,1544.0,1337.0,1398.0,,,,,,,,,,,1467.0
285,1513.0,1569.0,1446.0,1565.0,1437.0,1540.0,1343.0,1551.0,1342.0,1380.0,,,,,,,,,,,1468.6
286,1539.0,1578.0,1463.0,1538.0,1432.0,1531.0,1348.0,1559.0,1346.0,1378.0,,,,,,,,,,,1471.2
287,1524.0,1553.0,1448.0,1546.0,1432.0,1531.0,1355.0,1569.0,1342.0,1365.0,,,,,,,,,,,1466.5
288,1530.0,1535.0,1448.0,1545.0,1434.0,1514.0,1352.0,1565.0,1364.0,1360.0,,,,,,,,,,,1464.7
289,1523.0,1540.0,1453.0,1577.0,1425.0,1529.0,1355.0,1552.0,1366.0,1362.0,,,,,,,,,,,1468.2
290,1527.0,1524.0,1435.0,1577.0,1437.0,1524.0,1359.0,1561.0,1379.0,1364.0,,,,,,,,,,,1468.7
291,1526.0,1538.0,1437.0,1587.0,1431.0,1528.0,1342.0,1557.0,1382.0,1365.0,,,,,,,,,,,1469.3
292,1521.0,1550.0,1417.0,1577.0,1442.0,1515.0,1330.0,1559.0,1363.0,1364.0,,,,,,,,,,,1463.8
293,1525.0,1552.0,1406.0,1588.0,1437.0,1513.0,1344.0,1576.0,1361.0,1367.0,,,,,,,,,,,1466.9
294,1514.0,1529.0,1397.0,1593.0,1425.0,1525.0,1331.0,1567.0,1353.0,1375.0,,,,,,,,,,,1460.9
295,1534.0,1536.0,1426.0,1601.0,1427.0,1537.0,1344.0,1561.0,1363.0,1403.0,,,,,,,,,,,1473.2
296,1524.0,1552.0,1415.0,1604.0,1434.0,1533.0,1354.0,1560.0,1361.0,1403.0,,,,,,,,,,,1474.0
297,1512.0,1547.0,1416.0,1599.0,1427.0,1526.0,1373.0,1570.0,1359.0,1375.0,,,,,,,,,,,1470.4
298,1517.0,1535.0,1425.0,1585.0,1428.0,1520.0,1379.0,1566.0,1366.0,1359.0,,,,,,,,,,,1468.0
299,1507.0,1551.0,1447.0,1582.0,1438.0,1519.0,1365.0,1581.0,1353.0,1367.0,,,,,,,,,,,1471.0
300,1501.0,1553.0,1456.0,1577.0,1424.0,1537.0,1359.0,1583.0,1364.0,1364.0,,,,,,,,,,,1471.8
301,1512.0,1555.0,1478.0,1581.0,1425.0,1537.0,1354.0,1570.0,1356.0,1343.0,,,,,,,,,,,1471.1
302,1517.0,1566.0,1469.0,1588.0,1422.0,1540.0,1350.0,1570.0,1379.0,1358.0,,,,,,,,,,,1475.9
303,1514.0,1552.0,1472.0,1577.0,1415.0,1558.0,1361.0,1579.0,1395.0,1363.0,,,,,,,,,,,1478.6
304,1506.0,1536.0,1456.0,1567.0,1415.0,1569.0,1348.0,1577.0,1387.0,1371.0,,,,,,,,,,,1473.2
305,1512.0,1563.0,1460.0,1585.0,1432.0,1571.0,1348.0,1606.0,1404.0,1360.0,,,,,,,,,,,1484.1
306,1503.0,1571.0,1458.0,1561.0,1414.0,1562.0,1343.0,1608.0,1387.0,1359.0,,,,,,,,,,,1476.6
307,1511.0,1575.0,1470.0,1592.0,1406.0,1555.0,1367.0,1616.0,1396.0,1379.0,,,,,,,,,,,1486.7
308,1495.0,1596.0,1463.0,1608.0,1402.0,1554.0,1361.0,1633.0,1379.0,1390.0,,,,,,,,,,,1488.1
309,1511.0,1580.0,1467.0,1591.0,1420.0,1565.0,1396.0,1614.0,1387.0,1395.0,,,,,,,,,,,1492.6
310,1506.0,1575.0,1465.0,1603.0,1450.0,1563.0,1397.0,1625.0,1388.0,1400.0,,,,,,,,,,,1497.2
311,1496.0,1564.0,1470.0,1606.0,1444.0,1584.0,1383.0,1635.0,1402.0,1397.0,,,,,,,,,,,1498.1
312,1505.0,1563.0,1476.0,1600.0,1423.0,1579.0,1357.0,1640.0,1393.0,1391.0,,,,,,,,,,,1492.7
313,1515.0,1552.0,1462.0,1568.0,1440.0,1570.0,1377.0,1646.0,1385.0,1378.0,,,,,,,,,,,1489.3
314,1524.0,1538.0,1479.0,1572.0,1452.0,1576.0,1365.0,1654.0,1420.0,1394.0,,,,,,,,,,,1497.4
315,1506.0,1562.0,1477.0,1577.0,1442.0,1573.0,1366.0,1664.0,1407.0,1396.0,,,,,,,,,,,1497.0
316,1513.0,1571.0,1506.0,1579.0,1427.0,1572.0,1369.0,1645.0,1431.0,1414.0,,,,,,,,,,,1502.7
317,1521.0,1565.0,1505.0,1561.0,1440.0,1551.0,1385.0,1628.0,1436.0,1398.0,,,,,,,,,,,1499.0
318,1526.0,1554.0,1473.0,1556.0,1448.0,1557.0,1399.0,1628.0,1427.0,1385.0,,,,,,,,,,,1495.3
319,1519.0,1548.0,1461.0,1559.0,1443.0,1554.0,1382.0,1654.0,1425.0,1400.0,,,,,,,,,,,1494.5
320,1524.0,1543.0,1463.0,1576.0,1448.0,1554.0,1365.0,1660.0,1436.0,1400.0,,,,,,,,,,,1496.9
321,1534.0,1561.0,1445.0,1585.0,1479.0,1556.0,1374.0,1670.0,1442.0,1424.0,,,,,,,,,,,1507.0
322,1530.0,1545.0,1444.0,1555.0,1465.0,1544.0,1376.0,1677.0,1432.0,1413.0,,,,,,,,,,,1498.1
323,1533.0,1568.0,1458.0,1540.0,1467.0,1546.0,1372.0,1662.0,1454.0,1422.0,,,,,,,,,,,1502.2
324,1538.0,1569.0,1470.0,1564.0,1466.0,1569.0,1387.0,1657.0,1446.0,1418.0,,,,,,,,,,,1508.4
325,1552.0,1566.0,1473.0,1565.0,1487.0,1561.0,1378.0,1627.0,1449.0,1403.0,,,,,,,,,,,1506.1
326,1547.0,1569.0,1481.0,1584.0,1487.0,1583.0,1400.0,1638.0,1455.0,1408.0,,,,,,,,,,,1515.2
327,1549.0,1572.0,1498.0,1603.0,1488.0,1582.0,1392.0,1625.0,1446.0,1425.0,,,,,,,,,,,1518.0
328,1555.0,1567.0,1492.0,1586.0,1492.0,1577.0,1395.0,1628.0,1451.0,1418.0,,,,,,,,,,,1516.1
329,1559.0,1557.0,1513.0,1583.0,1516.0,1598.0,1390.0,1623.0,1455.0,1428.0,,,,,,,,,,,1522.2
330,1564.0,1550.0,1507.0,1584.0,1492.0,1605.0,1409.0,1625.0,1456.0,1431.0,,,,,,,,,,,1522.3
331,1564.0,1560.0,1487.0,1583.0,1491.0,1581.0,1365.0,1620.0,1466.0,1437.0,,,,,,,,,,,1515.4
332,1563.0,1541.0,1509.0,1604.0,1484.0,1605.0,1372.0,1618.0,1461.0,1423.0,,,,,,,,,,,1518.0
333,1564.0,1554.0,1513.0,1608.0,1484.0,1621.0,1371.0,1644.0,1458.0,1415.0,,,,,,,,,,,1523.2
334,1580.0,1554.0,1499.0,1611.0,1495.0,1600.0,1401.0,1650.0,1447.0,1425.0,,,,,,,,,,,1526.2
335,1568.0,1551.0,1500.0,1608.0,1505.0,1582.0,1408.0,1664.0,1443.0,1419.0,,,,,,,,,,,1524.8
336,1559.0,1556.0,1515.0,1611.0,1501.0,1572.0,1394.0,1641.0,1447.0,1408.0,,,,,,,,,,,1520.4
337,1553.0,1542.0,1516.0,1601.0,1482.0,1574.0,1384.0,1638.0,1450.0,1422.0,,,,,,,,,,,1516.2
338,1555.0,1547.0,1526.0,1588.0,1512.0,1572.0,1389.0,1597.0,1442.0,1425.0,,,,,,,,,,,1515.3
339,1567.0,1547.0,1546.0,1580.0,1524.0,1578.0,1385.0,1632.0,1441.0,1427.0,,,,,,,,,,,1522.7
340,1560.0,1563.0,1551.0,1559.0,1521.0,1589.0,1396.0,1619.0,1440.0,1423.0,,,,,,,,,,,1522.1
341,1581.0,1578.0,1572.0,1560.0,1498.0,1593.0,1378.0,1612.0,1432.0,1414.0,,,,,,,,,,,1521.8
342,1587.0,1599.0,1554.0,1550.0,1508.0,1589.0,1379.0,1636.0,1440.0,1419.0,,,,,,,,,,,1526.1
343,1594.0,1597.0,1536.0,1559.0,1497.0,1589.0,1369.0,1654.0,1445.0,1421.0,,,,,,,,,,,1526.1
344,1585.0,1582.0,1559.0,1569.0,1508.0,1580.0,1375.0,1663.0,1447.0,1400.0,,,,,,,,,,,1526.8
345,1581.0,1559.0,1543.0,1584.0,1511.0,1565.0,1384.0,1659.0,1451.0,1381.0,,,,,,,,,,,1521.8
346,1605.0,1556.0,1542.0,1588.0,1516.0,1547.0,1396.0,1654.0,1481.0,1396.0,,,,,,,,,,,1528.1
347,1590.0,1553.0,1537.0,1587.0,1536.0,1534.0,1382.0,1638.0,1473.0,1402.0,,,,,,,,,,,1523.2
348,1592.0,1560.0,1544.0,1572.0,1527.0,1535.0,1375.0,1648.0,1477.0,1391.0,,,,,,,,,,,1522.1
349,1602.0,1549.0,1542.0,1570.0,1521.0,1538.0,1374.0,1652.0,1479.0,1398.0,,,,,,,,,,,1522.5
350,1615.0,1551.0,1567.0,1570.0,1505.0,1553.0,1376.0,1662.0,1482.0,1403.0,,,,,,,,,,,1528.4
351,1608.0,1563.0,1570.0,1586.0,1515.0,1536.0,1376.0,1678.0,1457.0,1408.0,,,,,,,,,,,1529.7
352,1579.0,1568.0,1564.0,1599.0,1519.0,1552.0,1389.0,1664.0,1448.0,1403.0,,,,,,,,,,,1528.5
353,1562.0,1574.0,1562.0,1599.0,1513.0,1560.0,1377.0,1665.0,1442.0,1416.0,,,,,,,,,,,1527.0
354,1540.0,1572.0,1573.0,1603.0,1509.0,1577.0,1389.0,1669.0,1446.0,1432.0,,,,,,,,,,,1531.0
355,1546.0,1583.0,1579.0,1596.0,1528.0,1581.0,1381.0,1654.0,1457.0,1430.0,,,,,,,,,,,1533.5
356,1556.0,1586.0,1566.0,1597.0,1513.0,1601.0,1390.0,1644.0,1473.0,1453.0,,,,,,,,,,,1537.9
357,1549.0,1580.0,1577.0,1585.0,1515.0,1572.0,1410.0,1633.0,1474.0,1435.0,,,,,,,,,,,1533.0
358,1585.0,1565.0,1559.0,1581.0,1517.0,1560.0,1425.0,1624.0,1480.0,1421.0,,,,,,,,,,,1531.7
359,1611.0,1573.0,1558.0,1597.0,1521.0,1560.0,1435.0,1637.0,1480.0,1437.0,,,,,,,,,,,1540.9
360,1604.0,1575.0,1559.0,1586.0,1533.0,1558.0,1460.0,1630.0,1504.0,1447.0,,,,,,,,,,,1545.6
361,1596.0,1590.0,1567.0,1594.0,1525.0,1557.0,1453.0,1618.0,1496.0,1447.0,,,,,,,,,,,1544.3
362,1607.0,1584.0,1565.0,1599.0,1513.0,1586.0,1453.0,1639.0,1506.0,1456.0,,,,,,,,,,,1550.8
363,1620.0,1598.0,1553.0,1590.0,1530.0,1585.0,1429.0,1638.0,1507.0,1450.0,,,,,,,,,,,1550.0
364,1617.0,1600.0,1558.0,1592.0,1533.0,1588.0,1416.0,1641.0,1520.0,1455.0,,,,,,,,,,,1552.0
365,1604.0,1599.0,1551.0,1592.0,1527.0,1573.0,1399.0,1652.0,1532.0,1460.0,,,,,,,,,,,1548.9
366,1617.0,1602.0,1565.0,1601.0,1541.0,1572.0,1408.0,1648.0,1511.0,1460.0,,,,,,,,,,,1552.5
367,1630.0,1610.0,1571.0,1586.0,1529.0,1570.0,1423.0,1656.0,1480.0,1442.0,,,,,,,,,,,1549.7
368,1604.0,1602.0,1585.0,1572.0,1510.0,1573.0,1429.0,1667.0,1513.0,1439.0,,,,,,,,,,,1549.4
369,1619.0,1620.0,1595.0,1556.0,1529.0,1559.0,1429.0,1659.0,1508.0,1445.0,,,,,,,,,,,1551.9
370,1616.0,1601.0,1571.0,1553.0,1520.0,1574.0,1428.0,1660.0,1504.0,1467.0,,,,,,,,,,,1549.4
371,1620.0,1597.0,1564.0,1566.0,1533.0,1589.0,1419.0,1660.0,1507.0,1454.0,,,,,,,,,,,1550.9
372,1619.0,1598.0,1575.0,1552.0,1523.0,1583.0,1404.0,1665.0,1514.0,1457.0,,,,,,,,,,,1549.0
373,1605.0,1599.0,1589.0,1565.0,1523.0,1585.0,1416.0,1663.0,1517.0,1464.0,,,,,,,,,,,1552.6
374,1591.0,1607.0,1574.0,1559.0,1518.0,1597.0,1424.0,1673.0,1525.0,1451.0,,,,,,,,,,,1551.9
375,1576.0,1600.0,1569.0,1550.0,1527.0,1591.0,1435.0,1679.0,1530.0,1462.0,,,,,,,,,,,1551.9
376,1580.0,1598.0,1593.0,1565.0,1546.0,1605.0,1428.0,1672.0,1533.0,1432.0,,,,,,,,,,,1555.2
377,1584.0,1588.0,1592.0,1573.0,1555.0,1608.0,1426.0,1682.0,1534.0,1439.0,,,,,,,,,,,1558.1
378,1597.0,1593.0,1578.0,1568.0,1557.0,1624.0,1440.0,1679.0,1526.0,1443.0,,,,,,,,,,,1560.5
379,1586.0,1602.0,1570.0,1571.0,1535.0,1603.0,1450.0,1671.0,1534.0,1442.0,,,,,,,,,,,1556.4
380,1600.0,1610.0,1571.0,1549.0,1536.0,1602.0,1450.0,1663.0,1553.0,1444.0,,,,,,,,,,,1557.8
381,1594.0,1612.0,1561.0,1571.0,1538.0,1579.0,1441.0,1661.0,1540.0,1426.0,,,,,,,,,,,1552.3
382,1593.0,1605.0,1553.0,1565.0,1536.0,1586.0,1436.0,1670.0,1543.0,1438.0,,,,,,,,,,,1552.5
383,1595.0,1618.0,1547.0,1573.0,1513.0,1585.0,1440.0,1689.0,1535.0,1429.0,,,,,,,,,,,1552.4
384,1603.0,1603.0,1558.0,1577.0,1540.0,1571.0,1455.0,1690.0,1547.0,1435.0,,,,,,,,,,,1557.9
385,1624.0,1600.0,1569.0,1591.0,1555.0,1571.0,1467.0,1683.0,1537.0,1448.0,,,,,,,,,,,1564.5
386,1606.0,1584.0,1564.0,1576.0,1550.0,1578.0,1464.0,1668.0,1542.0,1442.0,,,,,,,,,,,1557.4
387,1622.0,1578.0,1579.0,1575.0,1558.0,1579.0,1443.0,1672.0,1554.0,1448.0,,,,,,,,,,,1560.8
388,1622.0,1593.0,1573.0,1583.0,1562.0,1593.0,1456.0,1681.0,1543.0,1451.0,,,,,,,,,,,1565.7
389,1627.0,1597.0,1567.0,1565.0,1574.0,1569.0,1461.0,1672.0,1529.0,1445.0,,,,,,,,,,,1560.6
390,1609.0,1595.0,1583.0,1549.0,1581.0,1566.0,1470.0,1656.0,1512.0,1450.0,,,,,,,,,,,1557.1
391,1600.0,1601.0,1592.0,1551.0,1577.0,1561.0,1468.0,1660.0,1508.0,1479.0,,,,,,,,,,,1559.7
392,1601.0,1606.0,1591.0,1559.0,1565.0,1580.0,1471.0,1664.0,1499.0,1473.0,,,,,,,,,,,1560.9
393,1602.0,1605.0,1570.0,1544.0,1563.0,1571.0,1466.0,1649.0,1518.0,1477.0,,,,,,,,,,,1556.5
394,1622.0,1593.0,1562.0,1554.0,1557.0,1592.0,1459.0,1642.0,1516.0,1475.0,,,,,,,,,,,1557.2
395,1616.0,1590.0,1565.0,1556.0,1554.0,1610.0,1459.0,1645.0,1538.0,1456.0,,,,,,,,,,,1558.9
396,1604.0,1588.0,1571.0,1564.0,1559.0,1619.0,1458.0,1649.0,1544.0,1469.0,,,,,,,,,,,1562.5
397,1604.0,1598.0,1604.0,1569.0,1564.0,1611.0,1474.0,1654.0,1557.0,1454.0,,,,,,,,,,,1568.9
398,1604.0,1579.0,1611.0,1567.0,1578.0,1602.0,1447.0,1673.0,1546.0,1471.0,,,,,,,,,,,1567.8
399,1583.0,1587.0,1583.0,1562.0,1548.0,1593.0,1464.0,1643.0,1531.0,1469.0,,,,,,,,,,,1556.3
400,1596.0,1586.0,1574.0,1539.0,1541.0,1592.0,1447.0,1657.0,1531.0,1464.0,,,,,,,,,,,1552.7
401,1600.0,1607.0,1576.0,1550.0,1563.0,1594.0,1453.0,1673.0,1500.0,1469.0,,,,,,,,,,,1558.5
402,1596.0,1608.0,1581.0,1576.0,1567.0,1595.0,1466.0,1694.0,1524.0,1466.0,,,,,,,,,,,1567.3
403,1603.0,1615.0,1587.0,1564.0,1551.0,1592.0,1467.0,1679.0,1530.0,1465.0,,,,,,,,,,,1565.3
404,1602.0,1612.0,1583.0,1562.0,1540.0,1585.0,1480.0,1669.0,1526.0,1432.0,,,,,,,,,,,1559.1
405,1611.0,1597.0,1569.0,1580.0,1533.0,1580.0,1471.0,1646.0,1531.0,1455.0,,,,,,,,,,,1557.3
406,1610.0,1595.0,1572.0,1585.0,1545.0,1575.0,1452.0,1653.0,1550.0,1450.0,,,,,,,,,,,1558.7
407,1601.0,1597.0,1564.0,1571.0,1553.0,1604.0,1475.0,1673.0,1554.0,1448.0,,,,,,,,,,,1564.0
408,1583.0,1593.0,1583.0,1577.0,1566.0,1618.0,1504.0,1683.0,1549.0,1440.0,,,,,,,,,,,1569.6
409,1576.0,1585.0,1569.0,1576.0,1549.0,1622.0,1504.0,1684.0,1559.0,1448.0,,,,,,,,,,,1567.2
410,1569.0,1589.0,1566.0,1578.0,1554.0,1625.0,1489.0,1687.0,1549.0,1453.0,,,,,,,,,,,1565.9
411,1578.0,1600.0,1568.0,1582.0,1544.0,1602.0,1492.0,1672.0,1569.0,1440.0,,,,,,,,,,,1564.7
412,1571.0,1603.0,1571.0,1571.0,1528.0,1595.0,1490.0,1677.0,1556.0,1429.0,,,,,,,,,,,1559.1
413,1591.0,1615.0,1557.0,1572.0,1543.0,1609.0,1513.0,1649.0,1549.0,1441.0,,,,,,,,,,,1563.9
414,1588.0,1601.0,1551.0,1552.0,1549.0,1615.0,1491.0,1672.0,1546.0,1429.0,,,,,,,,,,,1559.4
415,1593.0,1602.0,1570.0,1550.0,1554.0,1600.0,1487.0,1655.0,1548.0,1435.0,,,,,,,,,,,1559.4
416,1577.0,1607.0,1557.0,1562.0,1530.0,1578.0,1489.0,1652.0,1579.0,1444.0,,,,,,,,,,,1557.5
417,1559.0,1596.0,1569.0,1561.0,1543.0,1579.0,1497.0,1663.0,1561.0,1430.0,,,,,,,,,,,1555.8
418,1573.0,1586.0,1574.0,1548.0,1531.0,1573.0,1505.0,1681.0,1555.0,1450.0,,,,,,,,,,,1557.6
419,1593.0,1600.0,1586.0,1557.0,1538.0,1566.0,1513.0,1689.0,1543.0,1469.0,,,,,,,,,,,1565.4
420,1589.0,1612.0,1578.0,1558.0,1534.0,1556.0,1497.0,1714.0,1549.0,1461.0,,,,,,,,,,,1564.8
421,1616.0,1625.0,1588.0,1569.0,1532.0,1558.0,1497.0,1701.0,1546.0,1471.0,,,,,,,,,,,1570.3
422,1609.0,1630.0,1590.0,1585.0,1518.0,1566.0,1519.0,1687.0,1549.0,1472.0,,,,,,,,,,,1572.5
423,1599.0,1615.0,1587.0,1591.0,1518.0,1563.0,1527.0,1690.0,1554.0,1474.0,,,,,,,,,,,1571.8
424,1615.0,1630.0,1586.0,1577.0,1527.0,1564.0,1526.0,1682.0,1550.0,1477.0,,,,,,,,,,,1573.4
425,1624.0,1622.0,1601.0,1579.0,1520.0,1578.0,1509.0,1690.0,1562.0,1495.0,,,,,,,,,,,1578.0
426,1622.0,1605.0,1596.0,1590.0,1530.0,1567.0,1497.0,1691.0,1570.0,1496.0,,,,,,,,,,,1576.4
427,1632.0,1611.0,1600.0,1583.0,1515.0,1585.0,1496.0,1684.0,1544.0,1486.0,,,,,,,,,,,1573.6
428,1629.0,1581.0,1596.0,1580.0,1533.0,1578.0,1507.0,1696.0,1553.0,1484.0,,,,,,,,,,,1573.7
429,1628.0,1579.0,1604.0,1588.0,1533.0,1586.0,1494.0,1685.0,1567.0,1470.0,,,,,,,,,,,1573.4
430,1645.0,1588.0,1606.0,1574.0,1536.0,1575.0,1491.0,1681.0,1553.0,1478.0,,,,,,,,,,,1572.7
431,1662.0,1581.0,1612.0,1594.0,1526.0,1591.0,1488.0,1674.0,1565.0,1501.0,,,,,,,,,,,1579.4
432,1649.0,1604.0,1619.0,1583.0,1529.0,1604.0,1495.0,1671.0,1555.0,1504.0,,,,,,,,,,,1581.3
433,1651.0,1593.0,1595.0,1584.0,1542.0,1619.0,1481.0,1695.0,1568.0,1498.0,,,,,,,,,,,1582.6
434,1642.0,1592.0,1604.0,1599.0,1540.0,1612.0,1477.0,1707.0,1564.0,1508.0,,,,,,,,,,,1584.5
435,1645.0,1606.0,1593.0,1582.0,1528.0,1598.0,1478.0,1700.0,1563.0,1510.0,,,,,,,,,,,1580.3
436,1645.0,1596.0,1606.0,1613.0,1524.0,1606.0,1457.0,1704.0,1565.0,1521.0,,,,,,,,,,,1583.7
437,1666.0,1617.0,1584.0,1625.0,1515.0,1613.0,1464.0,1696.0,1568.0,1521.0,,,,,,,,,,,1586.9
438,1666.0,1624.0,1588.0,1618.0,1518.0,1599.0,1470.0,1712.0,1573.0,1536.0,,,,,,,,,,,1590.4
439,1668.0,1624.0,1605.0,1619.0,1518.0,1601.0,1485.0,1692.0,1559.0,1540.0,,,,,,,,,,,1591.1
440,1651.0,1595.0,1619.0,1627.0,1537.0,1581.0,1509.0,1689.0,1561.0,1538.0,,,,,,,,,,,1590.7
441,1681.0,1606.0,1625.0,1619.0,1528.0,1581.0,1512.0,1659.0,1561.0,1519.0,,,,,,,,,,,1589.1
442,1670.0,1609.0,1637.0,1616.0,1519.0,1577.0,1521.0,1656.0,1567.0,1496.0,,,,,,,,,,,1586.8
443,1662.0,1613.0,1639.0,1595.0,1512.0,1591.0,1519.0,1650.0,1567.0,1492.0,,,,,,,,,,,1584.0
444,1670.0,1610.0,1627.0,1602.0,1521.0,1590.0,1505.0,1634.0,1592.0,1498.0,,,,,,,,,,,1584.9
445,1654.0,1618.0,1626.0,1610.0,1509.0,1571.0,1525.0,1636.0,1601.0,1502.0,,,,,,,,,,,1585.2
446,1648.0,1623.0,1620.0,1613.0,1518.0,1572.0,1493.0,1654.0,1604.0,1504.0,,,,,,,,,,,1584.9
447,1652.0,1607.0,1609.0,1608.0,1531.0,1589.0,1498.0,1639.0,1606.0,1505.0,,,,,,,,,,,1584.4
448,1651.0,1636.0,1615.0,1610.0,1545.0,1585.0,1501.0,1629.0,1604.0,1494.0,,,,,,,,,,,1587.0
449,1674.0,1636.0,1627.0,1619.0,1561.0,1586.0,1511.0,1639.0,1590.0,1482.0,,,,,,,,,,,1592.5
450,1667.0,1633.0,1632.0,1605.0,1551.0,1587.0,1521.0,1650.0,1586.0,1499.0,,,,,,,,,,,1593.1
451,1667.0,1628.0,1643.0,1617.0,1543.0,1578.0,1510.0,1649.0,1588.0,1484.0,,,,,,,,,,,1590.7
452,1694.0,1609.0,1628.0,1609.0,1552.0,1580.0,1487.0,1672.0,1591.0,1489.0,,,,,,,,,,,1591.1
453,1696.0,1610.0,1615.0,1634.0,1548.0,1579.0,1511.0,1688.0,1591.0,1488.0,,,,,,,,,,,1596.0
454,1714.0,1622.0,1623.0,1625.0,1570.0,1585.0,1494.0,1671.0,1590.0,1493.0,,,,,,,,,,,1598.7
455,1701.0,1625.0,1623.0,1629.0,1548.0,1581.0,1508.0,1680.0,1576.0,1520.0,,,,,,,,,,,1599.1
456,1699.0,1623.0,1612.0,1624.0,1568.0,1584.0,1493.0,1674.0,1571.0,1532.0,,,,,,,,,,,1598.0
457,1689.0,1614.0,1593.0,1623.0,1558.0,1612.0,1511.0,1660.0,1557.0,1540.0,,,,,,,,,,,1595.7
458,1675.0,1599.0,1604.0,1609.0,1560.0,1609.0,1502.0,1681.0,1580.0,1534.0,,,,,,,,,,,1595.3
459,1648.0,1596.0,1605.0,1612.0,1559.0,1611.0,1504.0,1666.0,1594.0,1516.0,,,,,,,,,,,1591.1
460,1652.0,1604.0,1616.0,1596.0,1553.0,1600.0,1508.0,1673.0,1598.0,1526.0,,,,,,,,,,,1592.6
461,1657.0,1581.0,1618.0,1605.0,1548.0,1569.0,1499.0,1672.0,1612.0,1533.0,,,,,,,,,,,1589.4
462,1654.0,1591.0,1597.0,1606.0,1559.0,1581.0,1487.0,1665.0,1607.0,1546.0,,,,,,,,,,,1589.3
463,1647.0,1598.0,1606.0,1618.0,1555.0,1585.0,1485.0,1669.0,1613.0,1542.0,,,,,,,,,,,1591.8
464,1671.0,1621.0,1612.0,1603.0,1538.0,1577.0,1488.0,1690.0,1597.0,1527.0,,,,,,,,,,,1592.4
465,1691.0,1616.0,1616.0,1590.0,1533.0,1590.0,1498.0,1701.0,1606.0,1513.0,,,,,,,,,,,1595.4
466,1678.0,1632.0,1642.0,1586.0,1528.0,1589.0,1487.0,1692.0,1592.0,1531.0,,,,,,,,,,,1595.7
467,1684.0,1627.0,1644.0,1614.0,1522.0,1595.0,1487.0,1690.0,1588.0,1561.0,,,,,,,,,,,1601.2
468,1694.0,1652.0,1651.0,1596.0,1540.0,1583.0,1482.0,1692.0,1591.0,1551.0,,,,,,,,,,,1603.2
469,1705.0,1631.0,1670.0,1588.0,1546.0,1564.0,1489.0,1710.0,1598.0,1539.0,,,,,,,,,,,1604.0
470,1727.0,1633.0,1668.0,1563.0,1546.0,1558.0,1492.0,1698.0,1617.0,1515.0,,,,,,,,,,,1601.7
471,1709.0,1627.0,1641.0,1570.0,1551.0,1565.0,1506.0,1707.0,1591.0,1517.0,,,,,,,,,,,1598.4
472,1704.0,1625.0,1618.0,1578.0,1541.0,1569.0,1496.0,1740.0,1580.0,1515.0,,,,,,,,,,,1596.6
473,1714.0,1631.0,1624.0,1572.0,1558.0,1560.0,1488.0,1733.0,1593.0,1502.0,,,,,,,,,,,1597.5
474,1722.0,1635.0,1634.0,1600.0,1572.0,1581.0,1486.0,1737.0,1628.0,1498.0,,,,,,,,,,,1609.3
475,1719.0,1628.0,1633.0,1588.0,1580.0,1585.0,1483.0,1726.0,1636.0,1512.0,,,,,,,,,,,1609.0
476,1704.0,1623.0,1632.0,1590.0,1560.0,1586.0,1477.0,1717.0,1622.0,1544.0,,,,,,,,,,,1605.5
477,1696.0,1624.0,1623.0,1594.0,1563.0,1598.0,1491.0,1735.0,1598.0,1534.0,,,,,,,,,,,1605.6
478,1698.0,1609.0,1630.0,1614.0,1561.0,1613.0,1470.0,1723.0,1619.0,1534.0,,,,,,,,,,,1607.1
479,1705.0,1622.0,1633.0,1613.0,1564.0,1615.0,1466.0,1724.0,1627.0,1546.0,,,,,,,,,,,1611.5
480,1700.0,1611.0,1622.0,1598.0,1569.0,1623.0,1462.0,1699.0,1623.0,1545.0,,,,,,,,,,,1605.2
481,1710.0,1627.0,1634.0,1598.0,1558.0,1612.0,1466.0,1695.0,1604.0,1525.0,,,,,,,,,,,1602.9
482,1689.0,1633.0,1612.0,1587.0,1571.0,1622.0,1478.0,1695.0,1594.0,1528.0,,,,,,,,,,,1600.9
483,1699.0,1634.0,1615.0,1579.0,1573.0,1633.0,1482.0,1707.0,1589.0,1535.0,,,,,,,,,,,1604.6
484,1695.0,1647.0,1617.0,1574.0,1556.0,1623.0,1496.0,1715.0,1600.0,1523.0,,,,,,,,,,,1604.6
485,1691.0,1637.0,1609.0,1597.0,1566.0,1625.0,1499.0,1718.0,1604.0,1519.0,,,,,,,,,,,1606.5
486,1705.0,1612.0,1609.0,1597.0,1561.0,1637.0,1499.0,1698.0,1613.0,1511.0,,,,,,,,,,,1604.2
487,1679.0,1627.0,1615.0,1586.0,1556.0,1637.0,1514.0,1695.0,1643.0,1512.0,,,,,,,,,,,1606.4
488,1671.0,1627.0,1625.0,1573.0,1568.0,1631.0,1497.0,1685.0,1620.0,1518.0,,,,,,,,,,,1601.5
489,1674.0,1635.0,1624.0,1564.0,1564.0,1629.0,1502.0,1667.0,1617.0,1540.0,,,,,,,,,,,1601.6
490,1662.0,1620.0,1627.0,1582.0,1584.0,1627.0,1506.0,1668.0,1615.0,1525.0,,,,,,,,,,,1601.6
491,1656.0,1619.0,1603.0,1585.0,1593.0,1608.0,1508.0,1668.0,1627.0,1539.0,,,,,,,,,,,1600.6
492,1646.0,1627.0,1597.0,1595.0,1602.0,1592.0,1486.0,1689.0,1647.0,1542.0,,,,,,,,,,,1602.3
493,1658.0,1637.0,1580.0,1593.0,1588.0,1605.0,1478.0,1701.0,1642.0,1533.0,,,,,,,,,,,1601.5
494,1678.0,1657.0,1595.0,1603.0,1582.0,1606.0,1467.0,1714.0,1627.0,1520.0,,,,,,,,,,,1604.9
495,1712.0,1642.0,1614.0,1603.0,1581.0,1590.0,1461.0,1716.0,1614.0,1516.0,,,,,,,,,,,1604.9
496,1695.0,1655.0,1609.0,1613.0,1575.0,1594.0,1472.0,1726.0,1620.0,1525.0,,,,,,,,,,,1608.4
497,1716.0,1670.0,1606.0,1599.0,1585.0,1577.0,1452.0,1710.0,1608.0,1524.0,,,,,,,,,,,1604.7
498,1709.0,1659.0,1592.0,1593.0,1592.0,1580.0,1465.0,1702.0,1605.0,1538.0,,,,,,,,,,,1603.5
499,1715.0,1675.0,1588.0,1577.0,1592.0,1577.0,1470.0,1710.0,1618.0,1542.0,,,,,,,,,,,1606.4
500,1709.0,1666.0,1598.0,1567.0,1596.0,1596.0,1467.0,1712.0,1615.0,1550.0,,,,,,,,,,,1607.6
501,1716.0,1662.0,1599.0,1558.0,1597.0,1593.0,1469.0,1709.0,1618.0,1555.0,,,,,,,,,,,1607.6
502,1727.0,1671.0,1611.0,1559.0,1594.0,1595.0,1464.0,1688.0,1618.0,1548.0,,,,,,,,,,,1607.5
503,1693.0,1679.0,1620.0,1553.0,1602.0,1597.0,1480.0,1688.0,1632.0,1544.0,,,,,,,,,,,1608.8
504,1712.0,1677.0,1617.0,1556.0,1601.0,1605.0,1471.0,1694.0,1649.0,1544.0,,,,,,,,,,,1612.6
505,1703.0,1691.0,1609.0,1549.0,1588.0,1595.0,1473.0,1713.0,1625.0,1553.0,,,,,,,,,,,1609.9
506,1721.0,1663.0,1618.0,1548.0,1575.0,1595.0,1488.0,1711.0,1601.0,1561.0,,,,,,,,,,,1608.1
507,1728.0,1663.0,1609.0,1557.0,1564.0,1605.0,1472.0,1716.0,1594.0,1570.0,,,,,,,,,,,1607.8
508,1717.0,1670.0,1611.0,1568.0,1581.0,1609.0,1502.0,1696.0,1596.0,1556.0,,,,,,,,,,,1610.6
509,1720.0,1653.0,1608.0,1564.0,1596.0,1626.0,1504.0,1708.0,1603.0,1556.0,,,,,,,,,,,1613.8
510,1719.0,1658.0,1607.0,1574.0,1620.0,1609.0,1503.0,1684.0,1579.0,1550.0,,,,,,,,,,,1610.3
511,1730.0,1643.0,1608.0,1595.0,1614.0,1617.0,1503.0,1695.0,1589.0,1560.0,,,,,,,,,,,1615.4
512,1709.0,1609.0,1600.0,1585.0,1627.0,1597.0,1517.0,1677.0,1601.0,1553.0,,,,,,,,,,,1607.5
513,1689.0,1621.0,1621.0,1588.0,1633.0,1605.0,1525.0,1714.0,1610.0,1570.0,,,,,,,,,,,1617.6
514,1703.0,1651.0,1644.0,1596.0,1632.0,1605.0,1524.0,1724.0,1626.0,1556.0,,,,,,,,,,,1626.1
515,1699.0,1655.0,1631.0,1600.0,1608.0,1606.0,1520.0,1726.0,1639.0,1571.0,,,,,,,,,,,1625.5
516,1697.0,1652.0,1625.0,1597.0,1600.0,1607.0,1514.0,1741.0,1634.0,1576.0,,,,,,,,,,,1624.3
517,1688.0,1650.0,1603.0,1598.0,1598.0,1603.0,1500.0,1735.0,1627.0,1569.0,,,,,,,,,,,1617.1
518,1684.0,1643.0,1607.0,1593.0,1615.0,1590.0,1485.0,1734.0,1606.0,1550.0,,,,,,,,,,,1610.7
519,1689.0,1656.0,1622.0,1579.0,1606.0,1585.0,1491.0,1736.0,1634.0,1581.0,,,,,,,,,,,1617.9
520,1715.0,1678.0,1620.0,1568.0,1607.0,1583.0,1513.0,1723.0,1634.0,1577.0,,,,,,,,,,,1621.8
521,1725.0,1665.0,1616.0,1578.0,1611.0,1584.0,1529.0,1709.0,1605.0,1576.0,,,,,,,,,,,1619.8
522,1706.0,1652.0,1620.0,1564.0,1619.0,1591.0,1519.0,1703.0,1609.0,1554.0,,,,,,,,,,,1613.7
523,1736.0,1643.0,1628.0,1590.0,1606.0,1591.0,1506.0,1719.0,1609.0,1546.0,,,,,,,,,,,1617.4
524,1714.0,1645.0,1627.0,1598.0,1602.0,1592.0,1516.0,1706.0,1631.0,1561.0,,,,,,,,,,,1619.2
525,1694.0,1647.0,1620.0,1597.0,1583.0,1600.0,1517.0,1727.0,1624.0,1560.0,,,,,,,,,,,1616.9
526,1694.0,1660.0,1625.0,1593.0,1575.0,1579.0,1512.0,1712.0,1631.0,1542.0,,,,,,,,,,,1612.3
527,1702.0,1657.0,1638.0,1582.0,1608.0,1598.0,1487.0,1724.0,1615.0,1547.0,,,,,,,,,,,1615.8
528,1682.0,1660.0,1631.0,1578.0,1627.0,1593.0,1513.0,1743.0,1639.0,1565.0,,,,,,,,,,,1623.1
529,1672.0,1669.0,1636.0,1588.0,1627.0,1581.0,1488.0,1735.0,1640.0,1566.0,,,,,,,,,,,1620.2
530,1684.0,1666.0,1643.0,1581.0,1625.0,1554.0,1504.0,1773.0,1628.0,1565.0,,,,,,,,,,,1622.3
531,1698.0,1682.0,1650.0,1589.0,1631.0,1569.0,1511.0,1747.0,1637.0,1556.0,,,,,,,,,,,1627.0
532,1707.0,1651.0,1653.0,1582.0,1625.0,1590.0,1504.0,1734.0,1617.0,1565.0,,,,,,,,,,,1622.8
533,1709.0,1665.0,1651.0,1580.0,1627.0,1594.0,1529.0,1716.0,1628.0,1577.0,,,,,,,,,,,1627.6
534,1700.0,1639.0,1645.0,1585.0,1600.0,1591.0,1534.0,1713.0,1630.0,1593.0,,,,,,,,,,,1623.0
535,1690.0,1653.0,1636.0,1596.0,1599.0,1608.0,1529.0,1703.0,1623.0,1588.0,,,,,,,,,,,1622.5
536,1676.0,1652.0,1626.0,1604.0,1590.0,1597.0,1519.0,1702.0,1632.0,1564.0,,,,,,,,,,,1616.2
537,1674.0,1670.0,1641.0,1602.0,1595.0,1591.0,1509.0,1718.0,1645.0,1550.0,,,,,,,,,,,1619.5
538,1689.0,1662.0,1642.0,1600.0,1601.0,1574.0,1521.0,1728.0,1626.0,1542.0,,,,,,,,,,,1618.5
539,1675.0,1677.0,1637.0,1597.0,1598.0,1583.0,1514.0,1719.0,1607.0,1547.0,,,,,,,,,,,1615.4
540,1646.0,1673.0,1633.0,1597.0,1604.0,1609.0,1514.0,1719.0,1620.0,1550.0,,,,,,,,,,,1616.5
541,1649.0,1653.0,1601.0,1594.0,1610.0,1601.0,1524.0,1713.0,1623.0,1559.0,,,,,,,,,,,1612.7
542,1642.0,1663.0,1611.0,1593.0,1609.0,1596.0,1518.0,1716.0,1654.0,1567.0,,,,,,,,,,,1616.9
543,1659.0,1668.0,1640.0,1611.0,1617.0,1581.0,1515.0,1732.0,1644.0,1559.0,,,,,,,,,,,1622.6
544,1657.0,1676.0,1623.0,1618.0,1589.0,1582.0,1533.0,1732.0,1642.0,1538.0,,,,,,,,,,,1619.0
545,1651.0,1666.0,1637.0,1625.0,1592.0,1590.0,1544.0,1755.0,1641.0,1551.0,,,,,,,,,,,1625.2
546,1653.0,1654.0,1642.0,1615.0,1590.0,1574.0,1540.0,1749.0,1640.0,1562.0,,,,,,,,,,,1621.9
547,1651.0,1663.0,1646.0,1609.0,1580.0,1567.0,1562.0,1732.0,1645.0,1560.0,,,,,,,,,,,1621.5
548,1666.0,1655.0,1632.0,1605.0,1597.0,1574.0,1560.0,1711.0,1644.0,1566.0,,,,,,,,,,,1621.0
549,1676.0,1656.0,1628.0,1599.0,1592.0,1583.0,1561.0,1711.0,1648.0,1559.0,,,,,,,,,,,1621.3
550,1664.0,1663.0,1645.0,1608.0,1605.0,1603.0,1546.0,1728.0,1639.0,1543.0,,,,,,,,,,,1624.4
551,1669.0,1656.0,1639.0,1608.0,1621.0,1587.0,1528.0,1715.0,1640.0,1520.0,,,,,,,,,,,1618.3
552,1681.0,1622.0,1648.0,1605.0,1611.0,1594.0,1517.0,1713.0,1641.0,1532.0,,,,,,,,,,,1616.4
553,1657.0,1617.0,1641.0,1611.0,1612.0,1592.0,1539.0,1692.0,1639.0,1557.0,,,,,,,,,,,1615.7
554,1652.0,1631.0,1615.0,1603.0,1611.0,1599.0,1525.0,1709.0,1638.0,1541.0,,,,,,,,,,,1612.4
555,1655.0,1625.0,1623.0,1621.0,1616.0,1619.0,1540.0,1696.0,1648.0,1559.0,,,,,,,,,,,1620.2
556,1669.0,1634.0,1632.0,1615.0,1609.0,1623.0,1548.0,1709.0,1637.0,1559.0,,,,,,,,,,,1623.5
557,1684.0,1636.0,1639.0,1604.0,1608.0,1617.0,1544.0,1720.0,1640.0,1537.0,,,,,,,,,,,1622.9
558,1681.0,1641.0,1631.0,1596.0,1608.0,1619.0,1532.0,1719.0,1620.0,1525.0,,,,,,,,,,,1617.2
559,1673.0,1654.0,1618.0,1603.0,1613.0,1647.0,1525.0,1700.0,1639.0,1525.0,,,,,,,,,,,1619.7
560,1661.0,1642.0,1604.0,1624.0,1611.0,1618.0,1513.0,1715.0,1634.0,1522.0,,,,,,,,,,,1614.4
561,1666.0,1650.0,1597.0,1623.0,1601.0,1619.0,1506.0,1711.0,1627.0,1531.0,,,,,,,,,,,1613.1
562,1695.0,1670.0,1586.0,1633.0,1609.0,1594.0,1524.0,1712.0,1619.0,1531.0,,,,,,,,,,,1617.3
563,1693.0,1689.0,1596.0,1607.0,1622.0,1603.0,1530.0,1723.0,1629.0,1546.0,,,,,,,,,,,1623.8
564,1701.0,1677.0,1599.0,1612.0,1625.0,1605.0,1552.0,1719.0,1623.0,1564.0,,,,,,,,,,,1627.7
565,1700.0,1670.0,1602.0,1599.0,1637.0,1607.0,1541.0,1694.0,1612.0,1574.0,,,,,,,,,,,1623.6
566,1689.0,1675.0,1610.0,1595.0,1626.0,1618.0,1527.0,1692.0,1629.0,1569.0,,,,,,,,,,,1623.0
567,1699.0,1675.0,1619.0,1610.0,1634.0,1596.0,1543.0,1714.0,1633.0,1572.0,,,,,,,,,,,1629.5
568,1702.0,1691.0,1618.0,1609.0,1619.0,1594.0,1546.0,1712.0,1635.0,1555.0,,,,,,,,,,,1628.1
569,1705.0,1668.0,1608.0,1606.0,1615.0,1604.0,1547.0,1719.0,1636.0,1539.0,,,,,,,,,,,1624.7
570,1692.0,1658.0,1601.0,1618.0,1626.0,1620.0,1518.0,1692.0,1634.0,1551.0,,,,,,,,,,,1621.0
571,1672.0,1646.0,1605.0,1620.0,1625.0,1635.0,1515.0,1695.0,1631.0,1555.0,,,,,,,,,,,1619.9
572,1677.0,1646.0,1593.0,1610.0,1618.0,1643.0,1503.0,1700.0,1638.0,1589.0,,,,,,,,,,,1621.7
573,1693.0,1650.0,1603.0,1600.0,1620.0,1637.0,1515.0,1703.0,1633.0,1564.0,,,,,,,,,,,1621.8
574,1707.0,1674.0,1607.0,1603.0,1610.0,1636.0,1529.0,1698.0,1612.0,1578.0,,,,,,,,,,,1625.4
575,1704.0,1700.0,1600.0,1613.0,1638.0,1636.0,1512.0,1712.0,1608.0,1546.0,,,,,,,,,,,1626.9
576,1711.0,1691.0,1591.0,1641.0,1636.0,1622.0,1513.0,1713.0,1623.0,1533.0,,,,,,,,,,,1627.4
577,1708.0,1694.0,1597.0,1633.0,1625.0,1623.0,1519.0,1694.0,1643.0,1560.0,,,,,,,,,,,1629.6
578,1715.0,1694.0,1590.0,1635.0,1617.0,1628.0,1509.0,1697.0,1664.0,1563.0,,,,,,,,,,,1631.2
579,1705.0,1661.0,1609.0,1592.0,1622.0,1640.0,1529.0,1696.0,1642.0,1562.0,,,,,,,,,,,1625.8
580,1713.0,1665.0,1605.0,1604.0,1605.0,1640.0,1529.0,1687.0,1653.0,1558.0,,,,,,,,,,,1625.9
581,1712.0,1662.0,1617.0,1614.0,1620.0,1640.0,1530.0,1691.0,1633.0,1572.0,,,,,,,,,,,1629.1
582,1701.0,1662.0,1612.0,1624.0,1626.0,1630.0,1538.0,1696.0,1638.0,1584.0,,,,,,,,,,,1631.1
583,1705.0,1646.0,1611.0,1642.0,1642.0,1618.0,1513.0,1703.0,1651.0,1587.0,,,,,,,,,,,1631.8
584,1717.0,1643.0,1612.0,1627.0,1654.0,1630.0,1534.0,1704.0,1637.0,1598.0,,,,,,,,,,,1635.6
585,1734.0,1641.0,1628.0,1625.0,1668.0,1613.0,1523.0,1706.0,1647.0,1579.0,,,,,,,,,,,1636.4
586,1732.0,1635.0,1628.0,1613.0,1671.0,1619.0,1526.0,1691.0,1623.0,1583.0,,,,,,,,,,,1632.1
587,1710.0,1657.0,1617.0,1614.0,1652.0,1633.0,1538.0,1691.0,1620.0,1585.0,,,,,,,,,,,1631.7
588,1709.0,1661.0,1610.0,1622.0,1655.0,1640.0,1547.0,1683.0,1616.0,1592.0,,,,,,,,,,,1633.5
589,1707.0,1667.0,1606.0,1623.0,1666.0,1625.0,1528.0,1690.0,1604.0,1580.0,,,,,,,,,,,1629.6
590,1700.0,1669.0,1611.0,1602.0,1680.0,1607.0,1540.0,1675.0,1622.0,1571.0,,,,,,,,,,,1627.7
591,1705.0,1667.0,1606.0,1602.0,1678.0,1611.0,1544.0,1669.0,1630.0,1570.0,,,,,,,,,,,1628.2
592,1689.0,1656.0,1604.0,1602.0,1681.0,1613.0,1540.0,1657.0,1631.0,1561.0,,,,,,,,,,,1623.4
593,1693.0,1661.0,1595.0,1619.0,1658.0,1601.0,1533.0,1657.0,1622.0,1566.0,,,,,,,,,,,1620.5
594,1702.0,1662.0,1606.0,1620.0,1625.0,1613.0,1539.0,1665.0,1595.0,1561.0,,,,,,,,,,,1618.8
595,1707.0,1680.0,1608.0,1606.0,1628.0,1630.0,1553.0,1685.0,1601.0,1566.0,,,,,,,,,,,1626.4
596,1733.0,1673.0,1586.0,1614.0,1615.0,1617.0,1554.0,1680.0,1618.0,1565.0,,,,,,,,,,,1625.5
597,1734.0,1678.0,1600.0,1615.0,1631.0,1647.0,1536.0,1694.0,1624.0,1574.0,,,,,,,,,,,1633.3
598,1739.0,1684.0,1593.0,1629.0,1628.0,1635.0,1559.0,1679.0,1615.0,1567.0,,,,,,,,,,,1632.8
599,1720.0,1680.0,1599.0,1657.0,1640.0,1646.0,1551.0,1696.0,1614.0,1552.0,,,,,,,,,,,1635.5
600,1691.0,1695.0,1602.0,1652.0,1632.0,1656.0,1564.0,1706.0,1593.0,1566.0,,,,,,,,,,,1635.7
601,1696.0,1676.0,1602.0,1637.0,1634.0,1647.0,1571.0,1716.0,1598.0,1588.0,,,,,,,,,,,1636.5
602,1702.0,1679.0,1581.0,1649.0,1629.0,1620.0,1582.0,1717.0,1598.0,1612.0,,,,,,,,,,,1636.9
603,1705.0,1696.0,1590.0,1636.0,1634.0,1609.0,1561.0,1721.0,1637.0,1607.0,,,,,,,,,,,1639.6
604,1699.0,1692.0,1592.0,1643.0,1633.0,1613.0,1562.0,1705.0,1664.0,1596.0,,,,,,,,,,,1639.9
605,1682.0,1683.0,1590.0,1673.0,1643.0,1631.0,1548.0,1707.0,1667.0,1600.0,,,,,,,,,,,1642.4
606,1710.0,1690.0,1590.0,1670.0,1645.0,1644.0,1561.0,1714.0,1647.0,1590.0,,,,,,,,,,,1646.1
607,1713.0,1702.0,1608.0,1639.0,1647.0,1635.0,1559.0,1690.0,1627.0,1620.0,,,,,,,,,,,1644.0
608,1702.0,1694.0,1609.0,1639.0,1647.0,1624.0,1558.0,1684.0,1633.0,1589.0,,,,,,,,,,,1637.9
609,1685.0,1695.0,1612.0,1646.0,1640.0,1607.0,1562.0,1693.0,1626.0,1589.0,,,,,,,,,,,1635.5
610,1670.0,1685.0,1601.0,1648.0,1635.0,1607.0,1540.0,1693.0,1630.0,1575.0,,,,,,,,,,,1628.4
611,1696.0,1671.0,1612.0,1653.0,1620.0,1635.0,1555.0,1700.0,1621.0,1600.0,,,,,,,,,,,1636.3
612,1710.0,1688.0,1616.0,1639.0,1606.0,1647.0,1552.0,1691.0,1635.0,1589.0,,,,,,,,,,,1637.3
613,1700.0,1683.0,1620.0,1644.0,1615.0,1642.0,1565.0,1716.0,1633.0,1586.0,,,,,,,,,,,1640.4
614,1705.0,1686.0,1632.0,1645.0,1615.0,1643.0,1553.0,1741.0,1634.0,1608.0,,,,,,,,,,,1646.2
615,1690.0,1697.0,1622.0,1673.0,1618.0,1631.0,1556.0,1718.0,1629.0,1607.0,,,,,,,,,,,1644.1
616,1692.0,1706.0,1613.0,1687.0,1644.0,1626.0,1546.0,1729.0,1645.0,1596.0,,,,,,,,,,,1648.4
617,1712.0,1690.0,1601.0,1685.0,1644.0,1604.0,1560.0,1727.0,1618.0,1579.0,,,,,,,,,,,1642.0
618,1710.0,1695.0,1599.0,1670.0,1654.0,1624.0,1562.0,1746.0,1616.0,1572.0,,,,,,,,,,,1644.8
619,1713.0,1690.0,1598.0,1679.0,1651.0,1619.0,1558.0,1750.0,1633.0,1590.0,,,,,,,,,,,1648.1
620,1713.0,1690.0,1601.0,1679.0,1657.0,1628.0,1550.0,1706.0,1641.0,1589.0,,,,,,,,,,,1645.4
621,1729.0,1677.0,1598.0,1701.0,1646.0,1654.0,1553.0,1718.0,1634.0,1601.0,,,,,,,,,,,1651.1
622,1751.0,1673.0,1607.0,1699.0,1641.0,1642.0,1558.0,1717.0,1640.0,1605.0,,,,,,,,,,,1653.3
623,1732.0,1683.0,1592.0,1698.0,1650.0,1634.0,1535.0,1718.0,1628.0,1623.0,,,,,,,,,,,1649.3
624,1739.0,1680.0,1585.0,1697.0,1657.0,1630.0,1529.0,1723.0,1636.0,1611.0,,,,,,,,,,,1648.7
625,1714.0,1669.0,1593.0,1681.0,1650.0,1638.0,1521.0,1729.0,1630.0,1595.0,,,,,,,,,,,1642.0
626,1722.0,1683.0,1594.0,1684.0,1643.0,1630.0,1546.0,1728.0,1650.0,1584.0,,,,,,,,,,,1646.4
627,1718.0,1676.0,1596.0,1668.0,1668.0,1620.0,1533.0,1721.0,1654.0,1597.0,,,,,,,,,,,1645.1
628,1715.0,1667.0,1607.0,1663.0,1659.0,1615.0,1575.0,1722.0,1657.0,1595.0,,,,,,,,,,,1647.5
629,1695.0,1678.0,1594.0,1683.0,1644.0,1630.0,1598.0,1723.0,1635.0,1589.0,,,,,,,,,,,1646.9
630,1698.0,1681.0,1593.0,1673.0,1638.0,1627.0,1582.0,1713.0,1635.0,1577.0,,,,,,,,,,,1641.7
631,1702.0,1677.0,1624.0,1666.0,1650.0,1613.0,1566.0,1722.0,1611.0,1588.0,,,,,,,,,,,1641.9
632,1705.0,1671.0,1648.0,1671.0,1660.0,1628.0,1554.0,1735.0,1613.0,1590.0,,,,,,,,,,,1647.5
633,1702.0,1681.0,1646.0,1685.0,1665.0,1623.0,1553.0,1724.0,1626.0,1585.0,,,,,,,,,,,1649.0
634,1705.0,1695.0,1647.0,1670.0,1648.0,1619.0,1541.0,1702.0,1602.0,1590.0,,,,,,,,,,,1641.9
635,1707.0,1695.0,1636.0,1669.0,1651.0,1594.0,1541.0,1701.0,1607.0,1591.0,,,,,,,,,,,1639.2
636,1695.0,1689.0,1639.0,1670.0,1661.0,1608.0,1529.0,1718.0,1637.0,1592.0,,,,,,,,,,,1643.8
637,1689.0,1667.0,1649.0,1683.0,1662.0,1625.0,1531.0,1715.0,1646.0,1603.0,,,,,,,,,,,1647.0
638,1709.0,1682.0,1669.0,1701.0,1656.0,1608.0,1545.0,1706.0,1633.0,1607.0,,,,,,,,,,,1651.6
639,1709.0,1675.0,1658.0,1691.0,1658.0,1627.0,1533.0,1691.0,1618.0,1604.0,,,,,,,,,,,1646.4
640,1693.0,1669.0,1667.0,1679.0,1654.0,1654.0,1528.0,1696.0,1630.0,1582.0,,,,,,,,,,,1645.2
641,1721.0,1669.0,1650.0,1686.0,1647.0,1628.0,1517.0,1711.0,1652.0,1575.0,,,,,,,,,,,1645.6
642,1719.0,1663.0,1659.0,1694.0,1654.0,1636.0,1522.0,1720.0,1650.0,1597.0,,,,,,,,,,,1651.4
643,1731.0,1655.0,1659.0,1700.0,1649.0,1648.0,1509.0,1723.0,1658.0,1613.0,,,,,,,,,,,1654.5
644,1739.0,1657.0,1663.0,1695.0,1647.0,1646.0,1514.0,1713.0,1657.0,1617.0,,,,,,,,,,,1654.8
645,1731.0,1668.0,1654.0,1699.0,1631.0,1628.0,1528.0,1706.0,1644.0,1588.0,,,,,,,,,,,1647.7
646,1732.0,1669.0,1674.0,1717.0,1645.0,1646.0,1537.0,1699.0,1658.0,1583.0,,,,,,,,,,,1656.0
647,1728.0,1658.0,1671.0,1688.0,1656.0,1640.0,1563.0,1671.0,1655.0,1585.0,,,,,,,,,,,1651.5
648,1711.0,1666.0,1656.0,1690.0,1671.0,1627.0,1550.0,1669.0,1647.0,1584.0,,,,,,,,,,,1647.1
649,1712.0,1671.0,1650.0,1703.0,1670.0,1633.0,1558.0,1683.0,1656.0,1591.0,,,,,,,,,,,1652.7
650,1709.0,1679.0,1645.0,1695.0,1653.0,1643.0,1567.0,1680.0,1654.0,1601.0,,,,,,,,,,,1652.6
651,1708.0,1672.0,1623.0,1684.0,1642.0,1638.0,1562.0,1671.0,1630.0,1612.0,,,,,,,,,,,1644.2
652,1727.0,1694.0,1643.0,1706.0,1626.0,1649.0,1574.0,1669.0,1648.0,1607.0,,,,,,,,,,,1654.3
653,1714.0,1686.0,1636.0,1707.0,1656.0,1679.0,1547.0,1679.0,1646.0,1610.0,,,,,,,,,,,1656.0
654,1704.0,1668.0,1647.0,1678.0,1635.0,1657.0,1522.0,1691.0,1659.0,1603.0,,,,,,,,,,,1646.4
655,1692.0,1671.0,1648.0,1697.0,1650.0,1627.0,1540.0,1689.0,1651.0,1592.0,,,,,,,,,,,1645.7
656,1710.0,1669.0,1657.0,1686.0,1635.0,1630.0,1548.0,1683.0,1674.0,1601.0,,,,,,,,,,,1649.3
657,1723.0,1665.0,1679.0,1681.0,1636.0,1651.0,1551.0,1701.0,1676.0,1602.0,,,,,,,,,,,1656.5
658,1726.0,1675.0,1649.0,1697.0,1624.0,1638.0,1550.0,1703.0,1639.0,1591.0,,,,,,,,,,,1649.2
659,1711.0,1671.0,1637.0,1656.0,1640.0,1651.0,1541.0,1708.0,1649.0,1597.0,,,,,,,,,,,1646.1
660,1707.0,1680.0,1656.0,1627.0,1633.0,1655.0,1557.0,1717.0,1653.0,1606.0,,,,,,,,,,,1649.1
661,1709.0,1675.0,1660.0,1634.0,1638.0,1655.0,1557.0,1693.0,1658.0,1609.0,,,,,,,,,,,1648.8
662,1723.0,1684.0,1682.0,1656.0,1620.0,1652.0,1565.0,1709.0,1675.0,1597.0,,,,,,,,,,,1656.3
663,1723.0,1667.0,1647.0,1665.0,1642.0,1648.0,1550.0,1713.0,1648.0,1625.0,,,,,,,,,,,1652.8
664,1706.0,1660.0,1642.0,1679.0,1652.0,1651.0,1543.0,1712.0,1656.0,1623.0,,,,,,,,,,,1652.4
665,1714.0,1660.0,1643.0,1682.0,1656.0,1667.0,1542.0,1713.0,1656.0,1623.0,,,,,,,,,,,1655.6
666,1724.0,1681.0,1625.0,1674.0,1660.0,1669.0,1549.0,1685.0,1673.0,1609.0,,,,,,,,,,,1654.9
667,1708.0,1679.0,1651.0,1658.0,1657.0,1662.0,1541.0,1689.0,1647.0,1599.0,,,,,,,,,,,1649.1
668,1692.0,1695.0,1648.0,1665.0,1658.0,1650.0,1548.0,1699.0,1637.0,1610.0,,,,,,,,,,,1650.2
669,1684.0,1685.0,1656.0,1673.0,1681.0,1632.0,1549.0,1713.0,1635.0,1608.0,,,,,,,,,,,1651.6
670,1681.0,1681.0,1652.0,1685.0,1672.0,1633.0,1556.0,1702.0,1645.0,1630.0,,,,,,,,,,,1653.7
671,1702.0,1678.0,1645.0,1677.0,1683.0,1626.0,1561.0,1705.0,1631.0,1641.0,,,,,,,,,,,1654.9
672,1706.0,1680.0,1643.0,1661.0,1675.0,1631.0,1549.0,1699.0,1626.0,1609.0,,,,,,,,,,,1647.9
673,1728.0,1667.0,1655.0,1660.0,1673.0,1625.0,1565.0,1702.0,1633.0,1608.0,,,,,,,,,,,1651.6
674,1718.0,1663.0,1667.0,1659.0,1665.0,1643.0,1577.0,1700.0,1654.0,1623.0,,,,,,,,,,,1656.9
675,1731.0,1665.0,1681.0,1680.0,1685.0,1634.0,1569.0,1675.0,1648.0,1607.0,,,,,,,,,,,1657.5
676,1719.0,1671.0,1667.0,1673.0,1664.0,1640.0,1560.0,1676.0,1647.0,1622.0,,,,,,,,,,,1653.9
677,1704.0,1673.0,1640.0,1669.0,1657.0,1630.0,1584.0,1706.0,1638.0,1643.0,,,,,,,,,,,1654.4
678,1703.0,1658.0,1637.0,1652.0,1651.0,1616.0,1583.0,1704.0,1627.0,1640.0,,,,,,,,,,,1647.1
679,1694.0,1656.0,1633.0,1667.0,1652.0,1620.0,1579.0,1714.0,1639.0,1650.0,,,,,,,,,,,1650.4
680,1686.0,1650.0,1661.0,1658.0,1661.0,1630.0,1565.0,1716.0,1643.0,1639.0,,,,,,,,,,,1650.9
681,1681.0,1653.0,1665.0,1671.0,1659.0,1633.0,1565.0,1705.0,1640.0,1641.0,,,,,,,,,,,1651.3
682,1698.0,1666.0,1658.0,1676.0,1665.0,1620.0,1571.0,1713.0,1636.0,1652.0,,,,,,,,,,,1655.5
683,1702.0,1646.0,1664.0,1684.0,1665.0,1627.0,1572.0,1715.0,1620.0,1663.0,,,,,,,,,,,1655.8
684,1729.0,1665.0,1660.0,1662.0,1675.0,1654.0,1561.0,1722.0,1644.0,1649.0,,,,,,,,,,,1662.1
685,1722.0,1662.0,1640.0,1657.0,1657.0,1640.0,1549.0,1723.0,1651.0,1652.0,,,,,,,,,,,1655.3
686,1714.0,1665.0,1620.0,1659.0,1672.0,1643.0,1577.0,1710.0,1673.0,1648.0,,,,,,,,,,,1658.1
687,1716.0,1668.0,1619.0,1670.0,1650.0,1640.0,1571.0,1715.0,1667.0,1669.0,,,,,,,,,,,1658.5
688,1722.0,1674.0,1648.0,1692.0,1641.0,1639.0,1591.0,1729.0,1666.0,1673.0,,,,,,,,,,,1667.5
689,1694.0,1681.0,1643.0,1689.0,1665.0,1622.0,1586.0,1725.0,1673.0,1667.0,,,,,,,,,,,1664.5
690,1697.0,1686.0,1647.0,1689.0,1671.0,1627.0,1575.0,1712.0,1672.0,1667.0,,,,,,,,,,,1664.3
691,1698.0,1683.0,1635.0,1672.0,1677.0,1632.0,1565.0,1710.0,1686.0,1666.0,,,,,,,,,,,1662.4
692,1699.0,1670.0,1624.0,1653.0,1662.0,1618.0,1568.0,1701.0,1714.0,1681.0,,,,,,,,,,,1659.0
693,1703.0,1677.0,1629.0,1653.0,1654.0,1629.0,1571.0,1732.0,1689.0,1674.0,,,,,,,,,,,1661.1
694,1706.0,1679.0,1635.0,1664.0,1661.0,1600.0,1563.0,1733.0,1667.0,1687.0,,,,,,,,,,,1659.5
695,1728.0,1659.0,1646.0,1676.0,1653.0,1612.0,1568.0,1706.0,1662.0,1684.0,,,,,,,,,,,1659.4
696,1729.0,1673.0,1659.0,1661.0,1655.0,1641.0,1567.0,1715.0,1660.0,1697.0,,,,,,,,,,,1665.7
697,1714.0,1681.0,1646.0,1654.0,1669.0,1641.0,1563.0,1701.0,1686.0,1711.0,,,,,,,,,,,1666.6
698,1689.0,1671.0,1644.0,1660.0,1660.0,1640.0,1560.0,1719.0,1696.0,1705.0,,,,,,,,,,,1664.4
699,1678.0,1674.0,1634.0,1679.0,1674.0,1633.0,1557.0,1719.0,1697.0,1688.0,,,,,,,,,,,1663.3
700,1686.0,1674.0,1633.0,1674.0,1661.0,1615.0,1561.0,1731.0,1691.0,1672.0,,,,,,,,,,,1659.8
701,1684.0,1673.0,1654.0,1666.0,1672.0,1628.0,1589.0,1715.0,1666.0,1679.0,,,,,,,,,,,1662.6
702,1679.0,1662.0,1660.0,1677.0,1676.0,1637.0,1573.0,1709.0,1655.0,1676.0,,,,,,,,,,,1660.4
703,1690.0,1664.0,1667.0,1668.0,1686.0,1616.0,1586.0,1701.0,1658.0,1662.0,,,,,,,,,,,1659.8
704,1704.0,1649.0,1663.0,1681.0,1684.0,1653.0,1580.0,1720.0,1665.0,1678.0,,,,,,,,,,,1667.7
705,1712.0,1639.0,1666.0,1688.0,1661.0,1646.0,1575.0,1728.0,1675.0,1688.0,,,,,,,,,,,1667.8
706,1718.0,1655.0,1648.0,1690.0,1648.0,1641.0,1569.0,1714.0,1655.0,1727.0,,,,,,,,,,,1666.5
707,1714.0,1657.0,1653.0,1672.0,1642.0,1659.0,1582.0,1690.0,1649.0,1709.0,,,,,,,,,,,1662.7
708,1720.0,1643.0,1641.0,1692.0,1655.0,1648.0,1577.0,1705.0,1650.0,1712.0,,,,,,,,,,,1664.3
709,1721.0,1638.0,1658.0,1677.0,1663.0,1669.0,1554.0,1717.0,1652.0,1719.0,,,,,,,,,,,1666.8
710,1727.0,1655.0,1649.0,1685.0,1657.0,1648.0,1567.0,1709.0,1668.0,1727.0,,,,,,,,,,,1669.2
711,1705.0,1679.0,1648.0,1704.0,1656.0,1663.0,1563.0,1699.0,1663.0,1721.0,,,,,,,,,,,1670.1
712,1714.0,1683.0,1655.0,1697.0,1653.0,1653.0,1579.0,1712.0,1667.0,1713.0,,,,,,,,,,,1672.6
713,1710.0,1680.0,1636.0,1699.0,1665.0,1656.0,1598.0,1724.0,1663.0,1705.0,,,,,,,,,,,1673.6
714,1715.0,1666.0,1659.0,1708.0,1670.0,1646.0,1599.0,1713.0,1682.0,1722.0,,,,,,,,,,,1678.0
715,1702.0,1678.0,1668.0,1702.0,1660.0,1644.0,1591.0,1708.0,1672.0,1730.0,,,,,,,,,,,1675.5
716,1708.0,1663.0,1661.0,1703.0,1653.0,1632.0,1557.0,1724.0,1677.0,1733.0,,,,,,,,,,,1671.1
717,1722.0,1671.0,1633.0,1702.0,1649.0,1623.0,1564.0,1725.0,1664.0,1733.0,,,,,,,,,,,1668.6
718,1732.0,1649.0,1613.0,1697.0,1646.0,1636.0,1569.0,1714.0,1677.0,1700.0,,,,,,,,,,,1663.3
719,1724.0,1662.0,1625.0,1712.0,1663.0,1634.0,1584.0,1706.0,1687.0,1707.0,,,,,,,,,,,1670.4
720,1724.0,1661.0,1635.0,1720.0,1648.0,1643.0,1590.0,1706.0,1688.0,1679.0,,,,,,,,,,,1669.4
721,1702.0,1654.0,1637.0,1717.0,1654.0,1615.0,1594.0,1704.0,1688.0,1704.0,,,,,,,,,,,1666.9
722,1705.0,1641.0,1643.0,1699.0,1685.0,1644.0,1608.0,1721.0,1694.0,1695.0,,,,,,,,,,,1673.5
723,1715.0,1634.0,1634.0,1687.0,1696.0,1649.0,1604.0,1718.0,1682.0,1714.0,,,,,,,,,,,1673.3
724,1692.0,1637.0,1642.0,1680.0,1697.0,1648.0,1591.0,1701.0,1668.0,1704.0,,,,,,,,,,,1666.0
725,1684.0,1645.0,1641.0,1688.0,1691.0,1631.0,1595.0,1709.0,1655.0,1710.0,,,,,,,,,,,1664.9
726,1693.0,1655.0,1632.0,1705.0,1700.0,1635.0,1576.0,1716.0,1667.0,1733.0,,,,,,,,,,,1671.2
727,1710.0,1653.0,1641.0,1704.0,1694.0,1618.0,1596.0,1720.0,1673.0,1717.0,,,,,,,,,,,1672.6
728,1709.0,1661.0,1644.0,1702.0,1687.0,1621.0,1589.0,1726.0,1692.0,1719.0,,,,,,,,,,,1675.0
729,1705.0,1659.0,1634.0,1728.0,1719.0,1658.0,1597.0,1709.0,1711.0,1736.0,,,,,,,,,,,1685.6
730,1694.0,1668.0,1629.0,1704.0,1719.0,1676.0,1602.0,1713.0,1705.0,1726.0,,,,,,,,,,,1683.6
731,1704.0,1680.0,1631.0,1706.0,1700.0,1649.0,1588.0,1708.0,1689.0,1691.0,,,,,,,,,,,1674.6
732,1723.0,1682.0,1633.0,1720.0,1706.0,1651.0,1595.0,1727.0,1688.0,1693.0,,,,,,,,,,,1681.8
733,1726.0,1694.0,1622.0,1706.0,1721.0,1654.0,1585.0,1731.0,1691.0,1694.0,,,,,,,,,,,1682.4
734,1724.0,1682.0,1628.0,1709.0,1714.0,1653.0,1583.0,1716.0,1684.0,1699.0,,,,,,,,,,,1679.2
735,1733.0,1681.0,1628.0,1702.0,1701.0,1658.0,1591.0,1734.0,1664.0,1694.0,,,,,,,,,,,1678.6
736,1734.0,1688.0,1628.0,1690.0,1689.0,1669.0,1597.0,1741.0,1678.0,1711.0,,,,,,,,,,,1682.5
737,1755.0,1666.0,1616.0,1706.0,1702.0,1673.0,1595.0,1763.0,1669.0,1715.0,,,,,,,,,,,1686.0
738,1737.0,1663.0,1606.0,1712.0,1707.0,1671.0,1600.0,1737.0,1675.0,1683.0,,,,,,,,,,,1679.1
739,1721.0,1669.0,1603.0,1717.0,1696.0,1671.0,1612.0,1749.0,1667.0,1683.0,,,,,,,,,,,1678.8
740,1732.0,1661.0,1622.0,1727.0,1700.0,1674.0,1607.0,1763.0,1667.0,1669.0,,,,,,,,,,,1682.2
741,1706.0,1651.0,1629.0,1713.0,1701.0,1682.0,1617.0,1750.0,1673.0,1659.0,,,,,,,,,,,1678.1
742,1707.0,1662.0,1625.0,1703.0,1691.0,1699.0,1598.0,1743.0,1685.0,1667.0,,,,,,,,,,,1678.0
743,1722.0,1664.0,1617.0,1697.0,1711.0,1676.0,1602.0,1756.0,1683.0,1684.0,,,,,,,,,,,1681.2
744,1711.0,1680.0,1616.0,1723.0,1724.0,1656.0,1597.0,1763.0,1662.0,1709.0,,,,,,,,,,,1684.1
745,1705.0,1668.0,1625.0,1733.0,1719.0,1665.0,1601.0,1741.0,1654.0,1716.0,,,,,,,,,,,1682.7
746,1709.0,1656.0,1632.0,1740.0,1706.0,1676.0,1594.0,1731.0,1655.0,1687.0,,,,,,,,,,,1678.6
747,1711.0,1659.0,1631.0,1736.0,1710.0,1685.0,1590.0,1769.0,1657.0,1709.0,,,,,,,,,,,1685.7
748,1695.0,1650.0,1624.0,1730.0,1706.0,1674.0,1594.0,1774.0,1665.0,1701.0,,,,,,,,,,,1681.3
749,1714.0,1648.0,1625.0,1733.0,1704.0,1679.0,1626.0,1770.0,1684.0,1684.0,,,,,,,,,,,1686.7
750,1704.0,1644.0,1628.0,1729.0,1716.0,1661.0,1622.0,1759.0,1683.0,1686.0,,,,,,,,,,,1683.2
751,1730.0,1659.0,1622.0,1741.0,1714.0,1661.0,1595.0,1752.0,1679.0,1679.0,,,,,,,,,,,1683.2
752,1731.0,1661.0,1604.0,1722.0,1698.0,1673.0,1587.0,1719.0,1675.0,1665.0,,,,,,,,,,,1673.5
753,1733.0,1675.0,1604.0,1731.0,1694.0,1670.0,1591.0,1751.0,1667.0,1662.0,,,,,,,,,,,1677.8
754,1721.0,1677.0,1614.0,1735.0,1707.0,1652.0,1585.0,1767.0,1661.0,1648.0,,,,,,,,,,,1676.7
755,1719.0,1674.0,1610.0,1719.0,1697.0,1668.0,1608.0,1760.0,1660.0,1654.0,,,,,,,,,,,1676.9
756,1707.0,1661.0,1613.0,1726.0,1701.0,1652.0,1631.0,1746.0,1655.0,1653.0,,,,,,,,,,,1674.5
757,1706.0,1648.0,1627.0,1723.0,1703.0,1633.0,1606.0,1721.0,1659.0,1655.0,,,,,,,,,,,1668.1
758,1712.0,1660.0,1625.0,1714.0,1716.0,1658.0,1604.0,1716.0,1689.0,1683.0,,,,,,,,,,,1677.7
759,1727.0,1677.0,1631.0,1706.0,1710.0,1678.0,1617.0,1712.0,1702.0,1696.0,,,,,,,,,,,1685.6
760,1723.0,1685.0,1626.0,1721.0,1719.0,1673.0,1605.0,1715.0,1700.0,1710.0,,,,,,,,,,,1687.7
761,1714.0,1687.0,1640.0,1727.0,1713.0,1657.0,1576.0,1695.0,1694.0,1703.0,,,,,,,,,,,1680.6
762,1709.0,1675.0,1642.0,1721.0,1718.0,1667.0,1573.0,1698.0,1678.0,1679.0,,,,,,,,,,,1676.0
763,1715.0,1668.0,1641.0,1716.0,1710.0,1668.0,1586.0,1717.0,1669.0,1691.0,,,,,,,,,,,1678.1
764,1691.0,1659.0,1636.0,1713.0,1706.0,1690.0,1585.0,1737.0,1684.0,1691.0,,,,,,,,,,,1679.2
765,1687.0,1670.0,1644.0,1720.0,1706.0,1678.0,1593.0,1724.0,1676.0,1683.0,,,,,,,,,,,1678.1
766,1690.0,1666.0,1631.0,1719.0,1704.0,1664.0,1597.0,1724.0,1673.0,1699.0,,,,,,,,,,,1676.7
767,1683.0,1680.0,1632.0,1737.0,1690.0,1695.0,1581.0,1716.0,1668.0,1714.0,,,,,,,,,,,1679.6
768,1719.0,1668.0,1631.0,1732.0,1705.0,1664.0,1576.0,1726.0,1671.0,1717.0,,,,,,,,,,,1680.9
769,1730.0,1666.0,1615.0,1736.0,1711.0,1649.0,1575.0,1732.0,1663.0,1713.0,,,,,,,,,,,1679.0
770,1740.0,1659.0,1604.0,1742.0,1704.0,1652.0,1595.0,1723.0,1652.0,1716.0,,,,,,,,,,,1678.7
771,1735.0,1684.0,1597.0,1731.0,1720.0,1655.0,1601.0,1711.0,1684.0,1721.0,,,,,,,,,,,1683.9
772,1751.0,1674.0,1590.0,1719.0,1724.0,1642.0,1597.0,1715.0,1660.0,1718.0,,,,,,,,,,,1679.0
773,1722.0,1673.0,1589.0,1725.0,1729.0,1622.0,1581.0,1712.0,1663.0,1714.0,,,,,,,,,,,1673.0
774,1719.0,1665.0,1583.0,1708.0,1711.0,1642.0,1580.0,1734.0,1669.0,1728.0,,,,,,,,,,,1673.9
775,1719.0,1653.0,1582.0,1716.0,1715.0,1647.0,1572.0,1725.0,1650.0,1721.0,,,,,,,,,,,1670.0
776,1721.0,1648.0,1598.0,1699.0,1737.0,1643.0,1556.0,1736.0,1664.0,1707.0,,,,,,,,,,,1670.9
777,1737.0,1651.0,1601.0,1711.0,1726.0,1632.0,1546.0,1726.0,1668.0,1710.0,,,,,,,,,,,1670.8
778,1738.0,1653.0,1603.0,1719.0,1720.0,1623.0,1541.0,1713.0,1678.0,1735.0,,,,,,,,,,,1672.3
779,1734.0,1654.0,1591.0,1737.0,1708.0,1635.0,1551.0,1712.0,1665.0,1720.0,,,,,,,,,,,1670.7
780,1727.0,1652.0,1598.0,1732.0,1695.0,1638.0,1581.0,1721.0,1665.0,1707.0,,,,,,,,,,,1671.6
781,1707.0,1658.0,1604.0,1724.0,1690.0,1640.0,1596.0,1718.0,1668.0,1705.0,,,,,,,,,,,1671.0
782,1681.0,1673.0,1615.0,1701.0,1682.0,1656.0,1598.0,1714.0,1684.0,1683.0,,,,,,,,,,,1668.7
783,1679.0,1668.0,1626.0,1729.0,1675.0,1683.0,1584.0,1716.0,1690.0,1676.0,,,,,,,,,,,1672.6
784,1679.0,1689.0,1615.0,1727.0,1676.0,1658.0,1588.0,1719.0,1667.0,1681.0,,,,,,,,,,,1669.9
785,1710.0,1687.0,1608.0,1743.0,1681.0,1652.0,1571.0,1728.0,1659.0,1657.0,,,,,,,,,,,1669.6
786,1730.0,1698.0,1591.0,1752.0,1696.0,1643.0,1545.0,1725.0,1661.0,1665.0,,,,,,,,,,,1670.6
787,1750.0,1674.0,1589.0,1739.0,1700.0,1665.0,1576.0,1724.0,1676.0,1654.0,,,,,,,,,,,1674.7
788,1744.0,1674.0,1593.0,1714.0,1683.0,1665.0,1558.0,1723.0,1661.0,1639.0,,,,,,,,,,,1665.4
789,1751.0,1660.0,1603.0,1725.0,1686.0,1663.0,1564.0,1719.0,1675.0,1653.0,,,,,,,,,,,1669.9
790,1740.0,1673.0,1598.0,1718.0,1685.0,1671.0,1569.0,1712.0,1684.0,1639.0,,,,,,,,,,,1668.9
791,1728.0,1683.0,1615.0,1736.0,1690.0,1665.0,1578.0,1722.0,1691.0,1659.0,,,,,,,,,,,1676.7
792,1745.0,1690.0,1615.0,1735.0,1700.0,1652.0,1605.0,1736.0,1690.0,1699.0,,,,,,,,,,,1686.7
793,1756.0,1688.0,1622.0,1718.0,1698.0,1668.0,1586.0,1750.0,1702.0,1717.0,,,,,,,,,,,1690.5
794,1740.0,1662.0,1607.0,1723.0,1701.0,1678.0,1586.0,1757.0,1692.0,1705.0,,,,,,,,,,,1685.1
795,1737.0,1672.0,1596.0,1727.0,1697.0,1667.0,1575.0,1754.0,1677.0,1712.0,,,,,,,,,,,1681.4
796,1758.0,1667.0,1602.0,1724.0,1704.0,1659.0,1587.0,1751.0,1655.0,1690.0,,,,,,,,,,,1679.7
797,1760.0,1683.0,1605.0,1723.0,1725.0,1659.0,1596.0,1743.0,1658.0,1677.0,,,,,,,,,,,1682.9
798,1758.0,1688.0,1599.0,1715.0,1696.0,1664.0,1576.0,1742.0,1678.0,1708.0,,,,,,,,,,,1682.4
799,1735.0,1692.0,1602.0,1702.0,1689.0,1652.0,1558.0,1737.0,1698.0,1741.0,,,,,,,,,,,1680.6
800,1754.0,1696.0,1602.0,1709.0,1681.0,1668.0,1590.0,1749.0,1695.0,1739.0,,,,,,,,,,,1688.3
801,1762.0,1690.0,1602.0,1704.0,1687.0,1680.0,1579.0,1749.0,1696.0,1702.0,,,,,,,,,,,1685.1
802,1764.0,1675.0,1598.0,1717.0,1722.0,1665.0,1572.0,1733.0,1676.0,1706.0,,,,,,,,,,,1682.8
803,1755.0,1673.0,1613.0,1734.0,1716.0,1666.0,1576.0,1738.0,1667.0,1701.0,,,,,,,,,,,1683.9
804,1748.0,1666.0,1594.0,1742.0,1716.0,1663.0,1588.0,1725.0,1662.0,1721.0,,,,,,,,,,,1682.5
805,1741.0,1667.0,1609.0,1738.0,1687.0,1666.0,1589.0,1743.0,1666.0,1712.0,,,,,,,,,,,1681.8
806,1760.0,1674.0,1611.0,1725.0,1702.0,1658.0,1573.0,1746.0,1674.0,1693.0,,,,,,,,,,,1681.6
807,1737.0,1668.0,1610.0,1696.0,1711.0,1660.0,1591.0,1753.0,1682.0,1689.0,,,,,,,,,,,1679.7
808,1738.0,1672.0,1601.0,1703.0,1713.0,1660.0,1598.0,1750.0,1670.0,1684.0,,,,,,,,,,,1678.9
809,1739.0,1663.0,1623.0,1688.0,1727.0,1639.0,1613.0,1730.0,1681.0,1683.0,,,,,,,,,,,1678.6
810,1735.0,1628.0,1611.0,1703.0,1725.0,1648.0,1610.0,1715.0,1696.0,1695.0,,,,,,,,,,,1676.6
811,1726.0,1653.0,1625.0,1693.0,1724.0,1656.0,1597.0,1723.0,1681.0,1693.0,,,,,,,,,,,1677.1
812,1728.0,1671.0,1619.0,1696.0,1719.0,1670.0,1598.0,1735.0,1668.0,1693.0,,,,,,,,,,,1679.7
813,1734.0,1689.0,1613.0,1701.0,1731.0,1665.0,1589.0,1729.0,1667.0,1691.0,,,,,,,,,,,1680.9
814,1739.0,1686.0,1624.0,1687.0,1741.0,1662.0,1583.0,1733.0,1677.0,1674.0,,,,,,,,,,,1680.6
815,1769.0,1672.0,1639.0,1695.0,1729.0,1675.0,1576.0,1730.0,1671.0,1663.0,,,,,,,,,,,1681.9
816,1777.0,1669.0,1619.0,1721.0,1737.0,1663.0,1587.0,1740.0,1653.0,1654.0,,,,,,,,,,,1682.0
817,1774.0,1704.0,1629.0,1715.0,1737.0,1667.0,1593.0,1755.0,1670.0,1644.0,,,,,,,,,,,1688.8
818,1770.0,1687.0,1629.0,1722.0,1724.0,1662.0,1600.0,1737.0,1678.0,1651.0,,,,,,,,,,,1686.0
819,1780.0,1665.0,1633.0,1716.0,1720.0,1672.0,1609.0,1733.0,1688.0,1663.0,,,,,,,,,,,1687.9
820,1768.0,1666.0,1633.0,1699.0,1698.0,1665.0,1588.0,1727.0,1673.0,1677.0,,,,,,,,,,,1679.4
821,1734.0,1649.0,1625.0,1706.0,1703.0,1668.0,1593.0,1705.0,1680.0,1668.0,,,,,,,,,,,1673.1
822,1750.0,1657.0,1633.0,1700.0,1713.0,1687.0,1606.0,1722.0,1689.0,1653.0,,,,,,,,,,,1681.0
823,1756.0,1675.0,1618.0,1698.0,1715.0,1666.0,1598.0,1711.0,1667.0,1662.0,,,,,,,,,,,1676.6
824,1726.0,1677.0,1624.0,1705.0,1716.0,1673.0,1594.0,1717.0,1675.0,1684.0,,,,,,,,,,,1679.1
825,1746.0,1659.0,1636.0,1703.0,1740.0,1663.0,1581.0,1700.0,1666.0,1710.0,,,,,,,,,,,1680.4
826,1745.0,1665.0,1637.0,1701.0,1728.0,1681.0,1585.0,1709.0,1671.0,1691.0,,,,,,,,,,,1681.3
827,1755.0,1685.0,1616.0,1704.0,1714.0,1686.0,1590.0,1719.0,1655.0,1680.0,,,,,,,,,,,1680.4
828,1767.0,1678.0,1625.0,1701.0,1723.0,1697.0,1596.0,1710.0,1667.0,1691.0,,,,,,,,,,,1685.5
829,1762.0,1667.0,1617.0,1697.0,1748.0,1721.0,1581.0,1699.0,1670.0,1696.0,,,,,,,,,,,1685.8
830,1754.0,1665.0,1624.0,1702.0,1737.0,1724.0,1575.0,1693.0,1668.0,1687.0,,,,,,,,,,,1682.9
831,1744.0,1659.0,1612.0,1711.0,1720.0,1708.0,1580.0,1702.0,1643.0,1683.0,,,,,,,,,,,1676.2
832,1751.0,1641.0,1608.0,1726.0,1734.0,1722.0,1574.0,1703.0,1656.0,1687.0,,,,,,,,,,,1680.2
833,1741.0,1659.0,1611.0,1738.0,1716.0,1703.0,1573.0,1706.0,1675.0,1705.0,,,,,,,,,,,1682.7
834,1734.0,1668.0,1615.0,1729.0,1717.0,1714.0,1573.0,1697.0,1677.0,1709.0,,,,,,,,,,,1683.3
835,1713.0,1694.0,1623.0,1709.0,1721.0,1718.0,1574.0,1694.0,1687.0,1677.0,,,,,,,,,,,1681.0
836,1718.0,1703.0,1610.0,1718.0,1708.0,1708.0,1583.0,1703.0,1682.0,1672.0,,,,,,,,,,,1680.5
837,1711.0,1692.0,1606.0,1706.0,1710.0,1731.0,1579.0,1691.0,1683.0,1654.0,,,,,,,,,,,1676.3
838,1711.0,1673.0,1613.0,1707.0,1715.0,1721.0,1569.0,1680.0,1695.0,1649.0,,,,,,,,,,,1673.3
839,1725.0,1681.0,1603.0,1715.0,1697.0,1718.0,1581.0,1663.0,1701.0,1661.0,,,,,,,,,,,1674.5
840,1740.0,1679.0,1616.0,1719.0,1700.0,1715.0,1586.0,1665.0,1694.0,1658.0,,,,,,,,,,,1677.2
841,1718.0,1683.0,1606.0,1729.0,1708.0,1706.0,1592.0,1658.0,1698.0,1682.0,,,,,,,,,,,1678.0
842,1706.0,1668.0,1603.0,1734.0,1708.0,1701.0,1601.0,1669.0,1673.0,1676.0,,,,,,,,,,,1673.9
843,1707.0,1679.0,1608.0,1721.0,1725.0,1693.0,1603.0,1668.0,1697.0,1672.0,,,,,,,,,,,1677.3
844,1694.0,1688.0,1615.0,1706.0,1717.0,1714.0,1596.0,1681.0,1682.0,1688.0,,,,,,,,,,,1678.1
845,1679.0,1706.0,1624.0,1700.0,1729.0,1715.0,1592.0,1688.0,1676.0,1692.0,,,,,,,,,,,1680.1
846,1687.0,1692.0,1640.0,1706.0,1736.0,1706.0,1578.0,1675.0,1688.0,1707.0,,,,,,,,,,,1681.5
847,1695.0,1692.0,1640.0,1690.0,1735.0,1739.0,1596.0,1685.0,1676.0,1684.0,,,,,,,,,,,1683.2
848,1697.0,1687.0,1636.0,1693.0,1722.0,1717.0,1593.0,1669.0,1670.0,1675.0,,,,,,,,,,,1675.9
849,1695.0,1696.0,1644.0,1671.0,1735.0,1726.0,1605.0,1693.0,1674.0,1690.0,,,,,,,,,,,1682.9
850,1691.0,1698.0,1637.0,1687.0,1747.0,1728.0,1595.0,1687.0,1686.0,1665.0,,,,,,,,,,,1682.1
851,1681.0,1689.0,1648.0,1688.0,1723.0,1720.0,1569.0,1696.0,1661.0,1666.0,,,,,,,,,,,1674.1
852,1693.0,1674.0,1646.0,1703.0,1746.0,1708.0,1589.0,1697.0,1686.0,1654.0,,,,,,,,,,,1679.6
853,1711.0,1657.0,1645.0,1710.0,1728.0,1704.0,1584.0,1696.0,1659.0,1660.0,,,,,,,,,,,1675.4
854,1711.0,1659.0,1631.0,1705.0,1744.0,1714.0,1565.0,1682.0,1640.0,1670.0,,,,,,,,,,,1672.1
855,1707.0,1659.0,1624.0,1709.0,1728.0,1745.0,1566.0,1679.0,1648.0,1667.0,,,,,,,,,,,1673.2
856,1696.0,1656.0,1624.0,1714.0,1719.0,1724.0,1553.0,1687.0,1653.0,1674.0,,,,,,,,,,,1670.0
857,1687.0,1670.0,1630.0,1704.0,1708.0,1710.0,1559.0,1702.0,1669.0,1677.0,,,,,,,,,,,1671.6
858,1702.0,1664.0,1640.0,1719.0,1719.0,1716.0,1565.0,1709.0,1686.0,1691.0,,,,,,,,,,,1681.1
859,1706.0,1660.0,1625.0,1730.0,1727.0,1726.0,1584.0,1715.0,1680.0,1696.0,,,,,,,,,,,1684.9
860,1719.0,1658.0,1635.0,1739.0,1701.0,1726.0,1588.0,1726.0,1673.0,1711.0,,,,,,,,,,,1687.6
861,1720.0,1658.0,1649.0,1741.0,1705.0,1707.0,1575.0,1727.0,1675.0,1714.0,,,,,,,,,,,1687.1
862,1726.0,1660.0,1667.0,1733.0,1712.0,1706.0,1562.0,1708.0,1692.0,1708.0,,,,,,,,,,,1687.4
863,1716.0,1655.0,1649.0,1724.0,1703.0,1716.0,1565.0,1700.0,1695.0,1699.0,,,,,,,,,,,1682.2
864,1725.0,1647.0,1645.0,1720.0,1711.0,1701.0,1561.0,1709.0,1709.0,1686.0,,,,,,,,,,,1681.4
865,1727.0,1660.0,1635.0,1715.0,1722.0,1722.0,1552.0,1694.0,1708.0,1666.0,,,,,,,,,,,1680.1
866,1726.0,1658.0,1654.0,1705.0,1720.0,1722.0,1539.0,1689.0,1684.0,1683.0,,,,,,,,,,,1678.0
867,1700.0,1652.0,1646.0,1713.0,1718.0,1714.0,1542.0,1685.0,1681.0,1684.0,,,,,,,,,,,1673.5
868,1706.0,1657.0,1643.0,1716.0,1696.0,1721.0,1556.0,1703.0,1683.0,1694.0,,,,,,,,,,,1677.5
869,1690.0,1665.0,1652.0,1727.0,1697.0,1726.0,1543.0,1705.0,1693.0,1722.0,,,,,,,,,,,1682.0
870,1692.0,1668.0,1664.0,1711.0,1682.0,1711.0,1552.0,1697.0,1686.0,1703.0,,,,,,,,,,,1676.6
871,1695.0,1686.0,1673.0,1709.0,1696.0,1716.0,1577.0,1707.0,1693.0,1689.0,,,,,,,,,,,1684.1
872,1697.0,1672.0,1660.0,1723.0,1714.0,1703.0,1591.0,1727.0,1709.0,1703.0,,,,,,,,,,,1689.9
873,1692.0,1665.0,1652.0,1705.0,1696.0,1709.0,1584.0,1715.0,1703.0,1728.0,,,,,,,,,,,1684.9
874,1680.0,1650.0,1658.0,1707.0,1699.0,1751.0,1569.0,1723.0,1717.0,1736.0,,,,,,,,,,,1689.0
875,1697.0,1650.0,1661.0,1706.0,1701.0,1739.0,1551.0,1723.0,1684.0,1733.0,,,,,,,,,,,1684.5
876,1704.0,1656.0,1645.0,1699.0,1691.0,1724.0,1550.0,1716.0,1679.0,1705.0,,,,,,,,,,,1676.9
877,1724.0,1662.0,1658.0,1704.0,1699.0,1725.0,1570.0,1703.0,1658.0,1715.0,,,,,,,,,,,1681.8
878,1736.0,1669.0,1646.0,1699.0,1709.0,1711.0,1564.0,1714.0,1680.0,1700.0,,,,,,,,,,,1682.8
879,1756.0,1664.0,1647.0,1697.0,1712.0,1729.0,1576.0,1731.0,1684.0,1703.0,,,,,,,,,,,1689.9
880,1747.0,1671.0,1621.0,1695.0,1732.0,1721.0,1565.0,1737.0,1661.0,1675.0,,,,,,,,,,,1682.5
881,1743.0,1670.0,1622.0,1708.0,1721.0,1685.0,1581.0,1737.0,1662.0,1675.0,,,,,,,,,,,1680.4
882,1735.0,1674.0,1627.0,1717.0,1708.0,1684.0,1581.0,1729.0,1675.0,1703.0,,,,,,,,,,,1683.3
883,1747.0,1668.0,1651.0,1708.0,1719.0,1705.0,1570.0,1712.0,1701.0,1724.0,,,,,,,,,,,1690.5
884,1761.0,1676.0,1644.0,1712.0,1737.0,1690.0,1570.0,1727.0,1693.0,1714.0,,,,,,,,,,,1692.4
885,1744.0,1654.0,1645.0,1706.0,1721.0,1681.0,1578.0,1716.0,1692.0,1721.0,,,,,,,,,,,1685.8
886,1732.0,1655.0,1651.0,1710.0,1721.0,1693.0,1563.0,1734.0,1661.0,1726.0,,,,,,,,,,,1684.6
887,1722.0,1646.0,1649.0,1709.0,1718.0,1691.0,1565.0,1718.0,1657.0,1735.0,,,,,,,,,,,1681.0
888,1714.0,1661.0,1652.0,1721.0,1735.0,1699.0,1562.0,1719.0,1644.0,1715.0,,,,,,,,,,,1682.2
889,1732.0,1670.0,1666.0,1728.0,1740.0,1676.0,1579.0,1712.0,1644.0,1698.0,,,,,,,,,,,1684.5
890,1741.0,1680.0,1664.0,1720.0,1722.0,1683.0,1574.0,1723.0,1665.0,1683.0,,,,,,,,,,,1685.5
891,1747.0,1681.0,1674.0,1711.0,1748.0,1671.0,1588.0,1733.0,1651.0,1681.0,,,,,,,,,,,1688.5
892,1739.0,1665.0,1656.0,1705.0,1758.0,1682.0,1587.0,1735.0,1666.0,1702.0,,,,,,,,,,,1689.5
893,1730.0,1648.0,1655.0,1701.0,1740.0,1691.0,1579.0,1714.0,1690.0,1726.0,,,,,,,,,,,1687.4
894,1724.0,1639.0,1651.0,1709.0,1730.0,1700.0,1569.0,1709.0,1706.0,1737.0,,,,,,,,,,,1687.4
895,1706.0,1651.0,1663.0,1706.0,1718.0,1700.0,1583.0,1715.0,1691.0,1727.0,,,,,,,,,,,1686.0
896,1725.0,1665.0,1657.0,1696.0,1735.0,1704.0,1573.0,1718.0,1700.0,1731.0,,,,,,,,,,,1690.4
897,1718.0,1671.0,1656.0,1697.0,1746.0,1708.0,1586.0,1738.0,1691.0,1726.0,,,,,,,,,,,1693.7
898,1715.0,1674.0,1655.0,1708.0,1751.0,1719.0,1584.0,1703.0,1684.0,1720.0,,,,,,,,,,,1691.3
899,1711.0,1665.0,1649.0,1736.0,1744.0,1727.0,1589.0,1692.0,1697.0,1723.0,,,,,,,,,,,1693.3
900,1715.0,1675.0,1640.0,1736.0,1737.0,1737.0,1595.0,1691.0,1694.0,1711.0,,,,,,,,,,,1693.1
901,1720.0,1669.0,1637.0,1734.0,1740.0,1723.0,1594.0,1689.0,1694.0,1719.0,,,,,,,,,,,1691.9
902,1724.0,1664.0,1635.0,1729.0,1749.0,1730.0,1571.0,1704.0,1677.0,1727.0,,,,,,,,,,,1691.0
903,1709.0,1661.0,1644.0,1723.0,1727.0,1737.0,1573.0,1715.0,1679.0,1728.0,,,,,,,,,,,1689.6
904,1713.0,1650.0,1641.0,1710.0,1709.0,1745.0,1589.0,1711.0,1680.0,1718.0,,,,,,,,,,,1686.6
905,1719.0,1640.0,1646.0,1709.0,1699.0,1717.0,1585.0,1693.0,1683.0,1721.0,,,,,,,,,,,1681.2
906,1719.0,1643.0,1645.0,1722.0,1729.0,1731.0,1593.0,1704.0,1686.0,1704.0,,,,,,,,,,,1687.6
907,1732.0,1652.0,1646.0,1715.0,1725.0,1758.0,1606.0,1694.0,1672.0,1721.0,,,,,,,,,,,1692.1
908,1714.0,1659.0,1662.0,1719.0,1742.0,1759.0,1604.0,1698.0,1674.0,1717.0,,,,,,,,,,,1694.8
909,1714.0,1665.0,1670.0,1707.0,1728.0,1735.0,1603.0,1694.0,1676.0,1733.0,,,,,,,,,,,1692.5
910,1712.0,1667.0,1659.0,1707.0,1723.0,1747.0,1587.0,1712.0,1673.0,1711.0,,,,,,,,,,,1689.8
911,1722.0,1650.0,1649.0,1708.0,1702.0,1757.0,1589.0,1690.0,1663.0,1690.0,,,,,,,,,,,1682.0
912,1732.0,1655.0,1651.0,1691.0,1710.0,1747.0,1589.0,1697.0,1668.0,1676.0,,,,,,,,,,,1681.6
913,1714.0,1667.0,1648.0,1699.0,1719.0,1741.0,1605.0,1705.0,1656.0,1695.0,,,,,,,,,,,1684.9
914,1735.0,1668.0,1650.0,1720.0,1720.0,1742.0,1611.0,1715.0,1659.0,1691.0,,,,,,,,,,,1691.1
915,1721.0,1672.0,1658.0,1704.0,1735.0,1703.0,1611.0,1718.0,1663.0,1694.0,,,,,,,,,,,1687.9
916,1721.0,1666.0,1672.0,1702.0,1734.0,1718.0,1596.0,1709.0,1668.0,1697.0,,,,,,,,,,,1688.3
917,1723.0,1655.0,1683.0,1706.0,1724.0,1716.0,1601.0,1710.0,1678.0,1713.0,,,,,,,,,,,1690.9
918,1722.0,1649.0,1652.0,1716.0,1728.0,1709.0,1619.0,1733.0,1679.0,1712.0,,,,,,,,,,,1691.9
919,1715.0,1645.0,1646.0,1705.0,1727.0,1702.0,1598.0,1722.0,1688.0,1726.0,,,,,,,,,,,1687.4
920,1723.0,1645.0,1637.0,1718.0,1707.0,1705.0,1592.0,1728.0,1684.0,1723.0,,,,,,,,,,,1686.2
921,1704.0,1665.0,1668.0,1709.0,1693.0,1715.0,1593.0,1725.0,1688.0,1732.0,,,,,,,,,,,1689.2
922,1710.0,1655.0,1675.0,1710.0,1693.0,1713.0,1597.0,1736.0,1676.0,1712.0,,,,,,,,,,,1687.7
923,1719.0,1651.0,1676.0,1706.0,1685.0,1714.0,1603.0,1747.0,1661.0,1707.0,,,,,,,,,,,1686.9
924,1723.0,1659.0,1664.0,1706.0,1690.0,1714.0,1590.0,1761.0,1689.0,1704.0,,,,,,,,,,,1690.0
925,1737.0,1645.0,1663.0,1707.0,1698.0,1715.0,1605.0,1765.0,1683.0,1709.0,,,,,,,,,,,1692.7
926,1730.0,1649.0,1661.0,1714.0,1696.0,1739.0,1596.0,1744.0,1676.0,1708.0,,,,,,,,,,,1691.3
927,1743.0,1645.0,1670.0,1697.0,1712.0,1750.0,1608.0,1714.0,1654.0,1695.0,,,,,,,,,,,1688.8
928,1738.0,1659.0,1678.0,1699.0,1703.0,1747.0,1618.0,1729.0,1653.0,1702.0,,,,,,,,,,,1692.6
929,1740.0,1646.0,1666.0,1718.0,1708.0,1747.0,1631.0,1716.0,1656.0,1719.0,,,,,,,,,,,1694.7
930,1740.0,1644.0,1664.0,1711.0,1721.0,1744.0,1621.0,1729.0,1679.0,1728.0,,,,,,,,,,,1698.1
931,1726.0,1658.0,1662.0,1721.0,1729.0,1745.0,1629.0,1741.0,1666.0,1720.0,,,,,,,,,,,1699.7
932,1739.0,1679.0,1652.0,1722.0,1727.0,1737.0,1620.0,1745.0,1655.0,1719.0,,,,,,,,,,,1699.5
933,1737.0,1673.0,1652.0,1707.0,1722.0,1740.0,1612.0,1707.0,1652.0,1718.0,,,,,,,,,,,1692.0
934,1724.0,1682.0,1650.0,1704.0,1719.0,1733.0,1621.0,1711.0,1659.0,1729.0,,,,,,,,,,,1693.2
935,1714.0,1675.0,1665.0,1710.0,1734.0,1719.0,1630.0,1689.0,1647.0,1726.0,,,,,,,,,,,1690.9
936,1726.0,1685.0,1671.0,1715.0,1737.0,1707.0,1635.0,1709.0,1644.0,1720.0,,,,,,,,,,,1694.9
937,1735.0,1671.0,1679.0,1714.0,1744.0,1709.0,1644.0,1728.0,1669.0,1704.0,,,,,,,,,,,1699.7
938,1725.0,1662.0,1659.0,1698.0,1721.0,1697.0,1638.0,1722.0,1671.0,1711.0,,,,,,,,,,,1690.4
939,1719.0,1681.0,1659.0,1711.0,1718.0,1715.0,1630.0,1717.0,1662.0,1717.0,,,,,,,,,,,1692.9
940,1714.0,1671.0,1658.0,1716.0,1718.0,1716.0,1615.0,1705.0,1645.0,1723.0,,,,,,,,,,,1688.1
941,1707.0,1676.0,1662.0,1719.0,1729.0,1715.0,1623.0,1696.0,1659.0,1715.0,,,,,,,,,,,1690.1
942,1718.0,1662.0,1668.0,1727.0,1719.0,1692.0,1626.0,1711.0,1664.0,1703.0,,,,,,,,,,,1689.0
943,1725.0,1679.0,1662.0,1719.0,1711.0,1705.0,1626.0,1709.0,1659.0,1692.0,,,,,,,,,,,1688.7
944,1730.0,1672.0,1665.0,1727.0,1721.0,1724.0,1627.0,1715.0,1650.0,1694.0,,,,,,,,,,,1692.5
945,1716.0,1672.0,1679.0,1733.0,1728.0,1740.0,1620.0,1730.0,1655.0,1703.0,,,,,,,,,,,1697.6
946,1727.0,1680.0,1679.0,1744.0,1732.0,1727.0,1599.0,1729.0,1655.0,1695.0,,,,,,,,,,,1696.7
947,1719.0,1695.0,1670.0,1726.0,1732.0,1716.0,1609.0,1727.0,1664.0,1698.0,,,,,,,,,,,1695.6
948,1709.0,1692.0,1661.0,1731.0,1729.0,1709.0,1633.0,1710.0,1646.0,1727.0,,,,,,,,,,,1694.7
949,1704.0,1675.0,1684.0,1735.0,1718.0,1700.0,1640.0,1725.0,1655.0,1728.0,,,,,,,,,,,1696.4
950,1691.0,1683.0,1691.0,1721.0,1715.0,1713.0,1612.0,1718.0,1652.0,1710.0,,,,,,,,,,,1690.6
951,1695.0,1680.0,1692.0,1715.0,1717.0,1714.0,1614.0,1736.0,1651.0,1711.0,,,,,,,,,,,1692.5
952,1717.0,1689.0,1686.0,1712.0,1731.0,1724.0,1617.0,1727.0,1646.0,1712.0,,,,,,,,,,,1696.1
953,1719.0,1700.0,1670.0,1705.0,1734.0,1714.0,1615.0,1723.0,1655.0,1707.0,,,,,,,,,,,1694.2
954,1705.0,1701.0,1660.0,1695.0,1729.0,1718.0,1632.0,1737.0,1683.0,1710.0,,,,,,,,,,,1697.0
955,1704.0,1683.0,1640.0,1711.0,1691.0,1723.0,1630.0,1722.0,1675.0,1710.0,,,,,,,,,,,1688.9
956,1701.0,1654.0,1640.0,1717.0,1709.0,1722.0,1628.0,1712.0,1670.0,1722.0,,,,,,,,,,,1687.5
957,1701.0,1647.0,1664.0,1701.0,1697.0,1721.0,1609.0,1726.0,1680.0,1712.0,,,,,,,,,,,1685.8
958,1700.0,1653.0,1664.0,1697.0,1708.0,1711.0,1622.0,1715.0,1667.0,1724.0,,,,,,,,,,,1686.1
959,1706.0,1657.0,1665.0,1701.0,1706.0,1693.0,1619.0,1708.0,1644.0,1717.0,,,,,,,,,,,1681.6
960,1705.0,1649.0,1670.0,1709.0,1722.0,1685.0,1634.0,1715.0,1631.0,1706.0,,,,,,,,,,,1682.6
961,1712.0,1645.0,1666.0,1715.0,1721.0,1693.0,1617.0,1730.0,1650.0,1717.0,,,,,,,,,,,1686.6
962,1696.0,1648.0,1661.0,1721.0,1734.0,1687.0,1617.0,1719.0,1651.0,1734.0,,,,,,,,,,,1686.8
963,1722.0,1643.0,1657.0,1732.0,1738.0,1692.0,1612.0,1719.0,1630.0,1724.0,,,,,,,,,,,1686.9
964,1720.0,1666.0,1667.0,1742.0,1741.0,1720.0,1608.0,1724.0,1635.0,1706.0,,,,,,,,,,,1692.9
965,1700.0,1667.0,1659.0,1722.0,1746.0,1708.0,1615.0,1731.0,1638.0,1707.0,,,,,,,,,,,1689.3
966,1708.0,1663.0,1649.0,1725.0,1729.0,1685.0,1620.0,1720.0,1639.0,1721.0,,,,,,,,,,,1685.9
967,1716.0,1645.0,1653.0,1719.0,1714.0,1673.0,1627.0,1729.0,1627.0,1720.0,,,,,,,,,,,1682.3
968,1709.0,1629.0,1671.0,1709.0,1720.0,1687.0,1658.0,1748.0,1632.0,1720.0,,,,,,,,,,,1688.3
969,1700.0,1641.0,1673.0,1721.0,1737.0,1695.0,1661.0,1740.0,1618.0,1730.0,,,,,,,,,,,1691.6
970,1705.0,1654.0,1675.0,1712.0,1724.0,1688.0,1664.0,1727.0,1627.0,1746.0,,,,,,,,,,,1692.2
971,1701.0,1682.0,1678.0,1711.0,1704.0,1694.0,1671.0,1719.0,1631.0,1724.0,,,,,,,,,,,1691.5
972,1691.0,1664.0,1679.0,1705.0,1718.0,1687.0,1671.0,1721.0,1644.0,1725.0,,,,,,,,,,,1690.5
973,1697.0,1646.0,1682.0,1692.0,1723.0,1694.0,1698.0,1736.0,1626.0,1725.0,,,,,,,,,,,1691.9
974,1702.0,1642.0,1674.0,1715.0,1726.0,1690.0,1691.0,1723.0,1635.0,1737.0,,,,,,,,,,,1693.5
975,1699.0,1669.0,1651.0,1710.0,1707.0,1712.0,1676.0,1729.0,1651.0,1746.0,,,,,,,,,,,1695.0
976,1708.0,1660.0,1654.0,1711.0,1696.0,1717.0,1683.0,1719.0,1638.0,1730.0,,,,,,,,,,,1691.6
977,1702.0,1668.0,1656.0,1723.0,1705.0,1711.0,1676.0,1733.0,1631.0,1727.0,,,,,,,,,,,1693.2
978,1708.0,1651.0,1669.0,1717.0,1715.0,1701.0,1687.0,1738.0,1640.0,1725.0,,,,,,,,,,,1695.1
979,1699.0,1660.0,1674.0,1716.0,1693.0,1704.0,1673.0,1739.0,1635.0,1725.0,,,,,,,,,,,1691.8
980,1701.0,1640.0,1677.0,1706.0,1675.0,1684.0,1675.0,1728.0,1648.0,1714.0,,,,,,,,,,,1684.8
981,1701.0,1670.0,1665.0,1712.0,1702.0,1690.0,1671.0,1734.0,1657.0,1702.0,,,,,,,,,,,1690.4
982,1692.0,1676.0,1668.0,1714.0,1698.0,1715.0,1692.0,1722.0,1652.0,1714.0,,,,,,,,,,,1694.3
983,1707.0,1660.0,1661.0,1706.0,1710.0,1722.0,1685.0,1713.0,1665.0,1721.0,,,,,,,,,,,1695.0
984,1694.0,1671.0,1659.0,1704.0,1702.0,1697.0,1697.0,1722.0,1675.0,1749.0,,,,,,,,,,,1697.0
985,1689.0,1653.0,1649.0,1717.0,1692.0,1701.0,1719.0,1742.0,1683.0,1729.0,,,,,,,,,,,1697.4
986,1684.0,1666.0,1665.0,1705.0,1700.0,1708.0,1690.0,1756.0,1662.0,1719.0,,,,,,,,,,,1695.5
987,1680.0,1662.0,1655.0,1697.0,1695.0,1704.0,1698.0,1749.0,1655.0,1732.0,,,,,,,,,,,1692.7
988,1698.0,1662.0,1656.0,1693.0,1712.0,1706.0,1686.0,1757.0,1661.0,1726.0,,,,,,,,,,,1695.7
989,1698.0,1638.0,1655.0,1710.0,1698.0,1707.0,1679.0,1756.0,1679.0,1711.0,,,,,,,,,,,1693.1
990,1704.0,1656.0,1655.0,1698.0,1698.0,1675.0,1684.0,1748.0,1677.0,1732.0,,,,,,,,,,,1692.7
991,1708.0,1660.0,1645.0,1684.0,1689.0,1694.0,1697.0,1748.0,1671.0,1721.0,,,,,,,,,,,1691.7
992,1704.0,1687.0,1650.0,1686.0,1718.0,1688.0,1679.0,1740.0,1667.0,1717.0,,,,,,,,,,,1693.6
993,1702.0,1692.0,1654.0,1676.0,1728.0,1704.0,1660.0,1732.0,1682.0,1708.0,,,,,,,,,,,1693.8
994,1703.0,1683.0,1658.0,1685.0,1720.0,1691.0,1654.0,1739.0,1688.0,1725.0,,,,,,,,,,,1694.6
995,1703.0,1679.0,1697.0,1702.0,1702.0,1700.0,1670.0,1733.0,1701.0,1715.0,,,,,,,,,,,1700.2
996,1707.0,1674.0,1686.0,1698.0,1698.0,1702.0,1663.0,1732.0,1685.0,1716.0,,,,,,,,,,,1696.1
997,1720.0,1661.0,1669.0,1710.0,1706.0,1710.0,1662.0,1721.0,1694.0,1698.0,,,,,,,,,,,1695.1
998,1728.0,1672.0,1670.0,1698.0,1713.0,1702.0,1670.0,1736.0,1712.0,1715.0,,,,,,,,,,,1701.6
999,1706.0,1661.0,1652.0,1706.0,1719.0,1696.0,1676.0,1735.0,1703.0,1697.0,,,,,,,,,,,1695.1
1000,1717.0,1656.0,1658.0,1717.0,1706.0,1694.0,1671.0,1730.0,1706.0,1696.0,,,,,,,,,,,1695.1
